cycle_id,peak_force,crimp_height,pull_force,cycle_time,pass_fail
1,793.09,0.5021,92.66,2.397,1
2,889.16,0.4929,89.43,2.411,1
3,788.3,0.5051,86.05,2.518,1
4,721.48,0.5064,90.95,2.384,1
5,947.62,0.4867,87.72,2.555,1
6,905.53,0.4911,86.33,2.544,1
7,852.71,0.5009,87.79,2.557,1
8,813.24,0.4978,90.77,2.469,1
9,812.69,0.4999,93.95,2.433,1
10,854.68,0.4942,91.52,2.468,1
11,740.43,0.506,87.56,2.495,1
12,794.56,0.5053,90.87,2.417,1
13,816.32,0.5004,94.6,2.395,1
14,734.96,0.5077,85.99,2.436,1
15,778.41,0.5032,91.4,2.411,1
16,863.12,0.4942,94.27,2.512,1
17,785.76,0.5025,87.59,2.419,1
18,854.13,0.4935,93.45,2.455,1
19,757.56,0.506,95.06,2.499,1
20,815.32,0.4997,91.29,2.514,1
21,815.27,0.4987,90.73,2.46,1
22,867.4,0.4954,93.81,2.469,1
23,746.3,0.5083,88.68,2.399,1
24,817.74,0.4989,84.75,2.501,1
25,844.5,0.4971,91.0,2.513,1
26,890.24,0.4976,92.86,2.356,1
27,832.26,0.5036,93.28,2.538,1
28,773.2,0.5025,88.78,2.415,1
29,773.22,0.5028,90.52,2.48,1
30,768.86,0.5029,94.22,2.454,1
31,704.9,0.5146,86.09,2.447,1
32,837.49,0.4972,86.75,2.44,1
33,858.36,0.4965,94.82,2.4,1
34,916.5,0.4945,89.73,2.476,1
35,779.98,0.5042,94.14,2.436,1
36,762.61,0.5077,85.32,2.385,1
37,838.81,0.4992,91.51,2.398,1
38,861.33,0.4943,91.83,2.385,1
39,896.56,0.4944,90.08,2.424,1
40,759.28,0.5044,87.23,2.474,1
41,801.46,0.5051,83.39,2.414,1
42,771.99,0.5037,95.61,2.499,1
43,852.48,0.4955,91.49,2.444,1
44,781.06,0.5016,95.18,2.436,1
45,792.13,0.5008,94.66,2.451,1
46,796.48,0.5015,93.5,2.52,1
47,710.22,0.5059,89.25,2.381,1
48,800.42,0.5015,93.17,2.533,1
49,764.97,0.5046,95.01,2.498,1
50,833.01,0.5005,92.18,2.449,1
51,810.63,0.502,97.28,2.509,1
52,763.65,0.5043,86.33,2.434,1
53,904.04,0.4901,83.7,2.464,1
54,835.49,0.4978,94.48,2.423,1
55,883.08,0.4968,88.74,2.498,1
56,843.18,0.4957,96.94,2.415,1
57,821.94,0.4981,95.61,2.447,1
58,698.6,0.5102,93.17,2.484,1
59,843.33,0.4941,92.89,2.502,1
60,764.2,0.5066,87.19,2.409,1
61,933.18,0.4886,82.83,2.488,1
62,869.85,0.4977,95.97,2.401,1
63,832.4,0.5011,87.3,2.342,1
64,834.87,0.504,95.69,2.413,1
65,772.43,0.5048,92.64,2.492,1
66,763.02,0.5054,90.19,2.449,1
67,813.92,0.4976,92.78,2.423,1
68,865.19,0.4969,92.61,2.453,1
69,767.18,0.5058,89.65,2.451,1
70,846.69,0.4987,96.03,2.481,1
71,877.35,0.4913,93.25,2.369,1
72,900.95,0.4923,89.96,2.445,1
73,883.91,0.4937,88.29,2.456,1
74,790.94,0.5034,95.06,2.382,1
75,795.77,0.501,85.76,2.381,1
76,801.56,0.5047,92.02,2.432,1
77,892.71,0.4971,93.51,2.45,1
78,785.33,0.5011,89.32,2.451,1
79,795.44,0.5043,93.76,2.422,1
80,776.67,0.4979,91.46,2.42,1
81,805.2,0.5031,89.59,2.43,1
82,821.62,0.4955,93.64,2.465,1
83,831.9,0.4975,88.17,2.512,1
84,815.77,0.4974,94.0,2.339,1
85,892.51,0.4919,83.37,2.481,1
86,807.0,0.5033,92.02,2.444,1
87,809.46,0.4968,91.33,2.476,1
88,811.28,0.5001,90.37,2.509,1
89,777.65,0.5033,92.35,2.412,1
90,825.94,0.503,91.01,2.497,1
91,786.51,0.5045,93.91,2.387,1
92,800.46,0.4993,93.58,2.456,1
93,836.98,0.4971,92.66,2.438,1
94,859.38,0.4995,92.8,2.452,1
95,944.72,0.4885,86.38,2.401,1
96,893.28,0.4902,87.65,2.472,1
97,899.57,0.491,89.68,2.529,1
98,879.25,0.4932,89.36,2.401,1
99,782.34,0.5027,94.69,2.459,1
100,840.87,0.4938,90.41,2.493,1
101,829.52,0.4974,92.53,2.435,1
102,766.63,0.5088,84.8,2.518,1
103,834.63,0.4976,94.27,2.429,1
104,770.08,0.505,88.82,2.444,1
105,883.4,0.4937,86.92,2.4,1
106,882.07,0.4986,96.67,2.456,1
107,881.57,0.4935,92.1,2.45,1
108,865.97,0.4977,94.41,2.482,1
109,752.56,0.5057,91.66,2.418,1
110,925.88,0.4883,87.39,2.416,1
111,324.06,0.5458,43.36,2.473,0
112,787.61,0.5016,94.01,2.52,1
113,853.9,0.496,94.31,2.481,1
114,932.95,0.4902,88.35,2.542,1
115,797.73,0.5005,98.15,2.478,1
116,854.21,0.4964,90.48,2.476,1
117,820.56,0.5016,87.5,2.484,1
118,800.45,0.5001,86.82,2.524,1
119,740.62,0.5109,83.01,2.512,1
120,837.07,0.4984,90.43,2.396,1
121,882.49,0.493,89.11,2.49,1
122,764.24,0.5012,93.82,2.463,1
123,797.57,0.5015,91.62,2.44,1
124,740.37,0.5092,91.36,2.361,1
125,804.45,0.5057,90.45,2.373,1
126,809.44,0.5024,91.48,2.432,1
127,750.25,0.51,86.77,2.377,1
128,870.19,0.4919,93.6,2.433,1
129,858.54,0.4956,86.21,2.486,1
130,906.71,0.4937,90.97,2.421,1
131,825.65,0.4973,90.83,2.454,1
132,930.17,0.4906,91.12,2.397,1
133,795.1,0.5043,90.76,2.465,1
134,840.4,0.4985,91.72,2.475,1
135,907.78,0.49,87.68,2.379,1
136,863.91,0.4931,94.01,2.412,1
137,838.81,0.5021,91.54,2.387,1
138,779.76,0.5057,96.22,2.475,1
139,698.5,0.5136,87.58,2.458,1
140,622.68,0.5198,83.51,2.448,1
141,794.06,0.5028,90.89,2.444,1
142,887.55,0.4933,91.59,2.466,1
143,966.53,0.4855,84.54,2.467,1
144,818.86,0.5018,92.05,2.425,1
145,855.3,0.4945,90.4,2.418,1
146,814.57,0.4972,92.3,2.447,1
147,861.4,0.4958,91.92,2.441,1
148,790.66,0.499,93.04,2.553,1
149,744.02,0.5072,89.97,2.431,1
150,798.65,0.5011,96.51,2.464,1
151,841.07,0.4989,93.07,2.473,1
152,930.52,0.493,97.59,2.52,1
153,885.4,0.4886,87.99,2.409,1
154,901.45,0.4967,94.04,2.517,1
155,818.35,0.4996,89.77,2.443,1
156,713.44,0.512,91.73,2.575,1
157,780.46,0.5009,89.74,2.468,1
158,778.45,0.5067,91.29,2.389,1
159,853.17,0.4966,90.34,2.44,1
160,895.2,0.4919,90.7,2.517,1
161,839.72,0.4934,89.26,2.454,1
162,868.47,0.4951,88.23,2.447,1
163,701.11,0.5145,85.5,2.486,1
164,867.86,0.4944,94.98,2.433,1
165,791.67,0.5057,91.71,2.439,1
166,903.25,0.4939,86.27,2.403,1
167,745.72,0.5063,93.34,2.536,1
168,830.22,0.5026,88.71,2.389,1
169,831.12,0.4989,94.04,2.458,1
170,823.73,0.4997,93.63,2.474,1
171,864.48,0.4955,92.62,2.449,1
172,792.71,0.503,96.81,2.387,1
173,791.53,0.4969,88.75,2.4,1
174,895.09,0.4917,91.06,2.476,1
175,872.55,0.4913,92.85,2.411,1
176,844.63,0.5012,89.85,2.346,1
177,752.88,0.5107,85.91,2.469,1
178,828.41,0.5011,90.94,2.406,1
179,822.42,0.4992,92.84,2.482,1
180,779.36,0.5019,87.35,2.44,1
181,721.17,0.5089,90.64,2.438,1
182,848.57,0.5015,87.48,2.453,1
183,831.32,0.4972,95.21,2.393,1
184,696.71,0.5075,91.11,2.409,1
185,814.97,0.5029,97.03,2.437,1
186,753.8,0.5104,90.29,2.393,1
187,844.67,0.5012,90.85,2.486,1
188,921.94,0.4917,86.83,2.435,1
189,934.82,0.4907,89.52,2.378,1
190,714.51,0.5112,87.82,2.422,1
191,662.97,0.5117,91.24,2.455,1
192,832.21,0.4988,88.99,2.428,1
193,858.43,0.4974,97.45,2.47,1
194,722.61,0.5099,92.34,2.479,1
195,887.54,0.4925,88.96,2.57,1
196,856.59,0.4939,95.55,2.508,1
197,756.4,0.5044,88.45,2.368,1
198,885.93,0.4973,91.98,2.432,1
199,861.57,0.5,88.17,2.437,1
200,830.5,0.4989,97.34,2.479,1
201,804.39,0.5023,86.54,2.403,1
202,707.5,0.5096,84.36,2.423,1
203,828.28,0.5006,90.0,2.388,1
204,817.11,0.5044,94.77,2.42,1
205,918.8,0.4861,89.45,2.422,1
206,833.35,0.4997,92.32,2.434,1
207,886.33,0.4943,93.35,2.391,1
208,910.34,0.4917,88.9,2.499,1
209,912.87,0.494,91.47,2.474,1
210,886.38,0.4977,96.44,2.378,1
211,755.7,0.5062,89.36,2.451,1
212,920.49,0.491,86.63,2.372,1
213,819.87,0.5002,93.39,2.517,1
214,837.37,0.4967,93.39,2.531,1
215,847.13,0.4978,91.83,2.447,1
216,769.99,0.5068,92.87,2.407,1
217,790.01,0.5037,90.44,2.417,1
218,714.22,0.5091,89.27,2.427,1
219,819.78,0.4989,92.94,2.445,1
220,854.93,0.4953,91.53,2.519,1
221,815.93,0.4985,96.54,2.498,1
222,811.23,0.5016,92.77,2.499,1
223,817.79,0.5012,90.86,2.459,1
224,911.6,0.4926,91.22,2.392,1
225,795.29,0.5006,94.93,2.411,1
226,792.55,0.5016,94.01,2.453,1
227,691.57,0.5171,87.08,2.39,1
228,695.14,0.5128,82.68,2.465,1
229,875.78,0.4942,82.79,2.49,1
230,834.71,0.498,95.4,2.477,1
231,939.47,0.49,89.82,2.475,1
232,883.94,0.496,90.86,2.357,1
233,824.1,0.5021,93.61,2.517,1
234,742.69,0.5082,95.07,2.372,1
235,847.91,0.495,94.83,2.442,1
236,1307.22,0.4518,36.82,2.481,0
237,977.55,0.4854,83.59,2.468,1
238,820.46,0.4989,89.53,2.386,1
239,919.96,0.4928,82.54,2.395,1
240,842.42,0.4964,92.97,2.464,1
241,907.68,0.494,93.53,2.476,1
242,858.61,0.4994,95.47,2.395,1
243,913.28,0.488,89.59,2.47,1
244,927.57,0.49,88.03,2.374,1
245,699.66,0.5145,84.62,2.481,1
246,960.7,0.4912,86.57,2.406,1
247,874.52,0.4925,89.11,2.454,1
248,732.85,0.5125,84.37,2.446,1
249,632.71,0.5198,88.75,2.508,1
250,868.37,0.492,85.48,2.462,1
251,841.15,0.4975,90.83,2.42,1
252,797.99,0.5023,85.66,2.468,1
253,685.03,0.5118,88.55,2.557,1
254,1047.51,0.4799,40.49,2.487,0
255,856.92,0.4983,90.59,2.447,1
256,775.02,0.5053,87.67,2.408,1
257,779.99,0.503,91.29,2.419,1
258,841.03,0.4974,89.77,2.484,1
259,828.55,0.4991,91.43,2.406,1
260,913.6,0.4907,94.65,2.45,1
261,859.8,0.4984,92.19,2.522,1
262,843.19,0.4982,93.22,2.458,1
263,774.14,0.5016,90.29,2.396,1
264,843.5,0.4962,88.66,2.559,1
265,793.19,0.5032,91.13,2.538,1
266,779.31,0.5069,97.35,2.475,1
267,838.51,0.5011,90.95,2.514,1
268,836.32,0.5024,92.54,2.437,1
269,819.44,0.5004,89.47,2.486,1
270,1108.21,0.4757,44.6,2.429,0
271,834.61,0.4951,88.24,2.382,1
272,809.01,0.5022,98.66,2.58,1
273,802.63,0.4993,93.68,2.38,1
274,683.41,0.5142,91.36,2.465,1
275,785.02,0.5107,87.12,2.464,1
276,801.75,0.5026,84.31,2.476,1
277,850.29,0.4948,87.18,2.446,1
278,900.83,0.4924,90.74,2.446,1
279,731.68,0.5081,90.04,2.457,1
280,781.89,0.5018,91.59,2.474,1
281,835.25,0.5033,89.59,2.45,1
282,956.17,0.4881,90.43,2.447,1
283,767.69,0.5063,88.56,2.384,1
284,782.02,0.5031,92.16,2.551,1
285,884.9,0.4924,90.15,2.477,1
286,884.4,0.4968,90.09,2.46,1
287,809.71,0.5018,88.98,2.419,1
288,748.79,0.5004,90.67,2.4,1
289,892.13,0.498,97.19,2.493,1
290,830.71,0.4993,95.23,2.442,1
291,843.83,0.4983,94.71,2.481,1
292,834.05,0.501,89.46,2.382,1
293,735.18,0.51,84.17,2.527,1
294,1002.24,0.4825,88.04,2.495,1
295,825.98,0.4984,94.39,2.446,1
296,781.54,0.5012,92.19,2.473,1
297,807.04,0.502,90.45,2.487,1
298,875.52,0.4975,87.02,2.383,1
299,919.23,0.4881,90.17,2.534,1
300,782.79,0.5022,95.06,2.474,1
301,735.28,0.5117,85.63,2.415,1
302,909.03,0.4896,86.0,2.395,1
303,755.16,0.5059,93.96,2.499,1
304,833.01,0.4978,89.57,2.461,1
305,822.53,0.4996,97.28,2.474,1
306,853.4,0.4928,89.4,2.451,1
307,829.74,0.4977,90.33,2.4,1
308,741.09,0.5088,89.14,2.475,1
309,787.27,0.504,89.78,2.44,1
310,733.57,0.5118,91.03,2.449,1
311,784.41,0.508,92.02,2.569,1
312,824.91,0.503,94.53,2.493,1
313,727.46,0.5119,88.16,2.496,1
314,788.37,0.503,89.9,2.586,1
315,752.8,0.5056,90.31,2.469,1
316,839.55,0.498,90.28,2.456,1
317,828.58,0.5005,96.34,2.416,1
318,883.14,0.4953,93.67,2.427,1
319,769.78,0.5067,89.62,2.348,1
320,893.45,0.492,86.58,2.49,1
321,786.77,0.5053,95.07,2.387,1
322,860.06,0.4987,92.16,2.495,1
323,763.7,0.508,88.99,2.448,1
324,770.79,0.5051,95.18,2.456,1
325,684.04,0.5124,85.83,2.448,1
326,753.93,0.505,89.63,2.519,1
327,906.57,0.4893,87.47,2.51,1
328,829.98,0.4995,87.99,2.449,1
329,907.15,0.492,90.33,2.405,1
330,822.36,0.4965,88.81,2.496,1
331,711.29,0.5103,86.64,2.401,1
332,784.17,0.5043,88.7,2.372,1
333,845.36,0.4952,88.9,2.475,1
334,895.03,0.4931,87.32,2.511,1
335,811.12,0.5002,92.72,2.43,1
336,882.67,0.4917,88.78,2.47,1
337,864.53,0.4954,90.88,2.429,1
338,808.47,0.5021,98.59,2.486,1
339,897.67,0.4888,48.09,2.505,0
340,775.34,0.5041,92.7,2.437,1
341,978.31,0.4844,87.9,2.399,1
342,783.57,0.5021,91.36,2.377,1
343,778.88,0.5005,92.75,2.496,1
344,759.46,0.5028,91.39,2.393,1
345,706.4,0.511,88.63,2.469,1
346,924.28,0.486,84.78,2.489,1
347,850.54,0.496,89.44,2.425,1
348,818.46,0.504,90.98,2.442,1
349,936.5,0.4776,41.6,2.5,0
350,718.44,0.51,92.95,2.41,1
351,843.11,0.5025,97.9,2.405,1
352,774.29,0.5058,90.8,2.438,1
353,848.79,0.4961,92.97,2.514,1
354,763.98,0.5055,93.61,2.531,1
355,760.42,0.5073,85.7,2.445,1
356,842.26,0.5016,94.46,2.414,1
357,793.18,0.5016,90.4,2.503,1
358,785.87,0.5018,98.48,2.367,1
359,845.44,0.4941,89.68,2.462,1
360,831.8,0.499,94.55,2.448,1
361,798.93,0.499,91.28,2.515,1
362,785.03,0.5026,97.98,2.52,1
363,735.42,0.5068,88.33,2.403,1
364,912.01,0.4928,93.2,2.458,1
365,816.89,0.4991,93.74,2.421,1
366,733.03,0.5101,89.66,2.435,1
367,832.75,0.4949,91.24,2.481,1
368,876.01,0.4944,88.35,2.433,1
369,780.46,0.5014,83.98,2.46,1
370,756.09,0.5057,93.51,2.498,1
371,867.91,0.5001,90.53,2.526,1
372,754.66,0.509,92.43,2.464,1
373,761.83,0.5058,91.31,2.456,1
374,1088.56,0.4725,49.92,2.395,0
375,764.07,0.5038,93.42,2.529,1
376,695.27,0.5158,78.22,2.475,1
377,799.53,0.4986,93.57,2.457,1
378,944.06,0.4864,85.71,2.454,1
379,686.71,0.5109,91.56,2.468,1
380,855.23,0.4969,93.0,2.489,1
381,814.26,0.5007,93.69,2.495,1
382,728.63,0.5089,88.16,2.531,1
383,947.53,0.4891,85.33,2.462,1
384,888.38,0.4915,87.85,2.538,1
385,930.63,0.4891,82.67,2.503,1
386,889.35,0.4946,88.65,2.447,1
387,758.97,0.503,86.88,2.367,1
388,769.67,0.5036,86.77,2.454,1
389,803.34,0.5019,91.95,2.528,1
390,925.13,0.4904,90.26,2.411,1
391,1000.5,0.4843,85.58,2.454,1
392,811.74,0.5004,90.46,2.458,1
393,843.51,0.4968,88.36,2.497,1
394,771.13,0.5031,90.27,2.431,1
395,781.91,0.5048,88.19,2.407,1
396,804.53,0.5009,91.65,2.479,1
397,764.87,0.5052,85.94,2.413,1
398,803.13,0.5016,93.79,2.358,1
399,797.89,0.5036,89.37,2.542,1
400,853.12,0.4952,91.78,2.496,1
401,814.62,0.4988,94.43,2.544,1
402,816.79,0.5013,92.73,2.494,1
403,700.43,0.5056,92.75,2.484,1
404,832.15,0.4973,85.17,2.468,1
405,761.0,0.5035,89.61,2.441,1
406,863.64,0.4982,94.93,2.476,1
407,817.89,0.4992,93.4,2.422,1
408,754.08,0.5056,95.87,2.397,1
409,947.68,0.4864,91.89,2.433,1
410,890.65,0.4912,89.91,2.515,1
411,906.89,0.4899,87.69,2.388,1
412,972.89,0.4841,82.72,2.389,1
413,854.53,0.4954,89.29,2.48,1
414,762.14,0.5051,89.31,2.429,1
415,816.18,0.4981,89.8,2.474,1
416,781.84,0.5013,88.99,2.499,1
417,750.97,0.5074,90.82,2.473,1
418,740.98,0.509,94.01,2.418,1
419,793.05,0.4995,94.73,2.514,1
420,749.28,0.5092,87.88,2.487,1
421,830.86,0.5006,94.95,2.451,1
422,895.54,0.4943,91.35,2.449,1
423,865.0,0.496,90.79,2.469,1
424,929.66,0.4899,88.14,2.434,1
425,925.44,0.494,89.57,2.368,1
426,836.49,0.4976,93.39,2.488,1
427,745.08,0.5055,90.82,2.485,1
428,675.09,0.5117,85.5,2.335,1
429,947.91,0.4906,86.43,2.476,1
430,833.54,0.5027,92.29,2.538,1
431,866.88,0.4929,91.04,2.394,1
432,773.33,0.5032,90.25,2.446,1
433,821.34,0.4991,88.45,2.441,1
434,965.21,0.4875,91.08,2.533,1
435,731.71,0.5063,93.18,2.506,1
436,815.82,0.4959,84.93,2.406,1
437,902.18,0.4964,95.08,2.467,1
438,895.98,0.4927,89.05,2.565,1
439,872.26,0.4956,91.34,2.419,1
440,787.85,0.5029,94.71,2.449,1
441,842.47,0.4987,96.71,2.476,1
442,765.46,0.5022,94.51,2.419,1
443,778.12,0.5025,92.15,2.538,1
444,737.0,0.509,84.82,2.426,1
445,792.18,0.4977,85.39,2.381,1
446,908.75,0.49,91.1,2.424,1
447,743.05,0.5073,93.71,2.483,1
448,834.75,0.4977,89.05,2.41,1
449,735.87,0.5076,88.74,2.465,1
450,773.32,0.5026,89.72,2.478,1
451,788.39,0.4991,90.1,2.39,1
452,800.65,0.5024,94.68,2.422,1
453,687.36,0.5133,87.58,2.467,1
454,655.57,0.5141,85.8,2.485,1
455,816.89,0.5005,99.91,2.423,1
456,803.16,0.5011,87.5,2.458,1
457,740.33,0.5073,91.3,2.436,1
458,827.18,0.4942,87.14,2.486,1
459,813.5,0.5023,91.02,2.476,1
460,794.54,0.4998,92.43,2.431,1
461,801.11,0.5021,94.06,2.474,1
462,856.05,0.4943,89.54,2.429,1
463,914.13,0.4892,87.01,2.473,1
464,979.27,0.4859,85.67,2.474,1
465,903.88,0.4924,86.3,2.569,1
466,874.49,0.4969,93.12,2.433,1
467,846.21,0.498,92.41,2.443,1
468,703.57,0.5132,88.27,2.418,1
469,709.37,0.5075,89.36,2.398,1
470,875.17,0.4935,89.4,2.427,1
471,792.59,0.5024,94.99,2.483,1
472,873.22,0.4972,94.4,2.487,1
473,827.23,0.4981,95.83,2.465,1
474,813.85,0.5013,92.88,2.435,1
475,784.97,0.5042,94.92,2.425,1
476,867.38,0.4977,90.23,2.404,1
477,748.33,0.5072,89.09,2.422,1
478,911.98,0.4922,93.05,2.385,1
479,782.08,0.5,94.53,2.518,1
480,616.68,0.5177,83.76,2.542,1
481,755.36,0.5015,88.56,2.353,1
482,744.71,0.5097,87.99,2.464,1
483,828.91,0.5006,89.85,2.464,1
484,802.21,0.5039,96.12,2.46,1
485,808.77,0.4996,94.23,2.42,1
486,818.61,0.4988,89.49,2.501,1
487,867.69,0.4947,87.32,2.471,1
488,823.96,0.5029,88.95,2.502,1
489,912.27,0.4942,88.6,2.413,1
490,794.47,0.5045,90.25,2.381,1
491,757.17,0.5074,92.97,2.472,1
492,825.7,0.5025,88.52,2.402,1
493,832.86,0.4981,98.45,2.503,1
494,782.07,0.5031,88.41,2.344,1
495,837.1,0.4979,87.31,2.427,1
496,738.03,0.5064,95.11,2.419,1
497,934.46,0.4875,91.29,2.433,1
498,817.1,0.4977,90.94,2.463,1
499,971.16,0.4865,87.93,2.47,1
500,928.54,0.4898,89.63,2.482,1
501,763.34,0.5093,89.22,2.488,1
502,726.33,0.5061,86.27,2.441,1
503,908.32,0.4951,83.17,2.555,1
504,882.47,0.4898,85.85,2.519,1
505,985.15,0.4798,88.7,2.434,1
506,841.45,0.4963,96.6,2.443,1
507,692.41,0.5165,84.49,2.433,1
508,1166.65,0.4672,42.42,2.468,0
509,850.78,0.4962,91.83,2.401,1
510,772.52,0.5032,92.53,2.411,1
511,890.57,0.4894,90.0,2.342,1
512,864.12,0.498,83.98,2.43,1
513,831.14,0.5007,101.37,2.503,1
514,855.32,0.4994,95.31,2.442,1
515,777.64,0.5054,89.84,2.445,1
516,739.61,0.5023,89.31,2.464,1
517,749.45,0.5045,93.7,2.4,1
518,874.7,0.4953,92.18,2.451,1
519,753.87,0.5061,90.42,2.495,1
520,702.48,0.5111,89.36,2.465,1
521,858.4,0.4934,89.61,2.499,1
522,898.19,0.494,91.38,2.513,1
523,743.74,0.5091,91.08,2.483,1
524,843.39,0.4987,92.78,2.414,1
525,715.37,0.5095,89.56,2.433,1
526,852.47,0.497,95.44,2.547,1
527,696.57,0.5099,83.74,2.466,1
528,808.65,0.5009,89.45,2.459,1
529,747.7,0.5018,91.71,2.407,1
530,684.42,0.5106,86.0,2.445,1
531,836.28,0.4975,90.24,2.486,1
532,933.05,0.4936,93.89,2.451,1
533,809.36,0.4969,90.8,2.424,1
534,763.42,0.5031,85.75,2.436,1
535,925.92,0.4894,86.91,2.51,1
536,817.75,0.5043,90.99,2.483,1
537,859.25,0.4963,91.17,2.477,1
538,761.3,0.5078,91.12,2.472,1
539,967.24,0.4837,86.8,2.391,1
540,971.15,0.4789,44.21,2.464,0
541,930.75,0.4885,84.22,2.503,1
542,858.89,0.4944,89.01,2.437,1
543,819.93,0.5017,89.78,2.499,1
544,796.24,0.4988,90.92,2.477,1
545,855.95,0.4983,93.72,2.491,1
546,831.15,0.4989,93.02,2.453,1
547,802.14,0.5014,94.2,2.494,1
548,849.01,0.4931,88.69,2.377,1
549,752.78,0.5048,95.17,2.452,1
550,803.56,0.5045,92.77,2.486,1
551,790.54,0.5026,91.72,2.465,1
552,790.17,0.5038,92.82,2.505,1
553,781.5,0.502,89.53,2.442,1
554,687.9,0.5138,80.31,2.423,1
555,795.44,0.4994,90.09,2.368,1
556,842.03,0.4979,93.78,2.436,1
557,876.83,0.4949,90.77,2.476,1
558,893.74,0.493,89.37,2.488,1
559,880.51,0.4915,86.63,2.38,1
560,869.89,0.494,84.31,2.509,1
561,836.38,0.4995,96.21,2.401,1
562,793.75,0.5023,90.86,2.444,1
563,810.38,0.5003,90.67,2.422,1
564,911.33,0.4948,88.48,2.471,1
565,740.93,0.5061,93.91,2.455,1
566,796.0,0.505,93.21,2.484,1
567,804.91,0.4989,88.9,2.542,1
568,876.58,0.4956,94.27,2.47,1
569,800.15,0.5037,90.59,2.421,1
570,796.63,0.5013,89.93,2.473,1
571,886.76,0.4902,87.67,2.547,1
572,781.04,0.4995,89.59,2.483,1
573,789.54,0.5018,87.66,2.497,1
574,889.7,0.4939,92.47,2.37,1
575,784.03,0.5013,91.09,2.469,1
576,916.11,0.4901,90.38,2.437,1
577,701.2,0.5091,89.76,2.416,1
578,734.24,0.5085,90.8,2.449,1
579,811.08,0.4983,85.51,2.455,1
580,794.81,0.5025,88.83,2.419,1
581,964.66,0.4836,87.02,2.459,1
582,868.51,0.4921,85.6,2.441,1
583,824.48,0.498,92.69,2.485,1
584,868.71,0.4927,85.5,2.461,1
585,744.94,0.5049,90.67,2.469,1
586,714.8,0.5136,91.59,2.499,1
587,888.09,0.492,91.69,2.478,1
588,825.65,0.4943,84.76,2.45,1
589,791.08,0.5016,94.22,2.346,1
590,736.05,0.511,93.51,2.476,1
591,882.22,0.4917,97.63,2.404,1
592,836.86,0.5017,93.08,2.446,1
593,683.5,0.5124,83.26,2.469,1
594,937.78,0.4888,89.21,2.517,1
595,925.56,0.4913,93.85,2.542,1
596,857.27,0.4971,90.74,2.404,1
597,670.93,0.5201,49.07,2.384,0
598,746.77,0.5055,87.85,2.466,1
599,830.13,0.5016,92.78,2.462,1
600,916.96,0.4879,80.04,2.39,1
601,808.17,0.5035,88.25,2.449,1
602,847.84,0.4961,90.94,2.48,1
603,740.78,0.5087,87.99,2.388,1
604,830.05,0.4957,86.94,2.4,1
605,847.74,0.4957,89.32,2.418,1
606,765.79,0.5037,92.03,2.439,1
607,775.68,0.5052,90.24,2.485,1
608,793.1,0.503,91.43,2.434,1
609,939.07,0.4885,90.0,2.453,1
610,774.45,0.5037,90.02,2.562,1
611,866.35,0.493,93.85,2.402,1
612,808.82,0.5016,88.71,2.417,1
613,889.32,0.4903,94.41,2.484,1
614,814.89,0.503,94.59,2.499,1
615,869.59,0.4945,89.32,2.471,1
616,895.68,0.4913,88.19,2.54,1
617,784.06,0.5049,91.25,2.466,1
618,802.71,0.5016,93.46,2.351,1
619,823.19,0.4958,94.15,2.455,1
620,702.9,0.5099,84.52,2.421,1
621,871.74,0.497,92.58,2.519,1
622,819.77,0.5002,85.63,2.498,1
623,765.63,0.5018,91.08,2.371,1
624,867.78,0.4958,95.22,2.518,1
625,777.26,0.5032,86.95,2.497,1
626,835.22,0.4964,86.26,2.434,1
627,821.4,0.4972,91.99,2.446,1
628,753.97,0.5093,92.98,2.52,1
629,843.98,0.4929,90.73,2.351,1
630,957.44,0.4836,79.59,2.472,1
631,718.58,0.511,82.99,2.505,1
632,690.04,0.5173,85.1,2.446,1
633,858.37,0.4972,87.8,2.482,1
634,926.51,0.4868,87.38,2.455,1
635,873.7,0.4979,92.12,2.411,1
636,808.68,0.4981,90.11,2.41,1
637,838.11,0.4987,97.2,2.486,1
638,902.66,0.4924,91.32,2.418,1
639,763.18,0.5039,94.59,2.374,1
640,801.46,0.5036,93.84,2.456,1
641,905.23,0.4898,87.96,2.424,1
642,790.13,0.5048,90.08,2.39,1
643,646.93,0.514,85.68,2.454,1
644,816.26,0.5012,93.83,2.488,1
645,832.72,0.4977,89.53,2.451,1
646,854.47,0.499,97.01,2.397,1
647,779.29,0.5042,88.63,2.474,1
648,959.28,0.4882,88.3,2.502,1
649,820.55,0.5011,91.11,2.561,1
650,842.42,0.4973,90.02,2.522,1
651,717.96,0.5126,93.78,2.4,1
652,848.72,0.4988,90.46,2.493,1
653,722.64,0.5113,86.94,2.463,1
654,840.87,0.4925,87.59,2.392,1
655,760.45,0.504,91.06,2.464,1
656,829.82,0.5022,91.21,2.546,1
657,848.51,0.4941,86.87,2.51,1
658,827.95,0.5012,90.5,2.399,1
659,757.21,0.5082,91.09,2.451,1
660,824.95,0.4978,94.59,2.475,1
661,885.41,0.4885,87.85,2.364,1
662,808.62,0.4999,92.17,2.365,1
663,924.01,0.4939,89.05,2.458,1
664,823.12,0.4977,89.96,2.458,1
665,807.8,0.4994,89.16,2.358,1
666,908.24,0.4884,83.07,2.469,1
667,951.1,0.489,85.92,2.504,1
668,783.51,0.5033,93.89,2.439,1
669,840.0,0.4964,89.81,2.453,1
670,1016.78,0.4826,83.72,2.479,1
671,782.05,0.5053,89.35,2.472,1
672,782.18,0.5019,95.34,2.367,1
673,839.2,0.4951,87.84,2.405,1
674,930.55,0.491,89.78,2.43,1
675,766.38,0.5057,90.11,2.407,1
676,763.35,0.5024,91.66,2.523,1
677,626.86,0.5162,86.15,2.482,1
678,768.3,0.5029,91.48,2.395,1
679,767.69,0.5026,93.76,2.439,1
680,785.77,0.4989,91.7,2.507,1
681,743.05,0.5056,95.6,2.418,1
682,759.4,0.5043,90.98,2.493,1
683,728.96,0.5085,84.04,2.519,1
684,890.92,0.4965,93.0,2.511,1
685,842.26,0.497,92.45,2.459,1
686,1031.9,0.4771,34.39,2.513,0
687,780.12,0.5054,89.65,2.424,1
688,717.98,0.5102,82.05,2.574,1
689,858.44,0.4969,85.39,2.462,1
690,853.61,0.4971,96.24,2.507,1
691,802.41,0.5021,89.77,2.432,1
692,896.74,0.4983,94.55,2.475,1
693,778.54,0.5065,85.19,2.477,1
694,941.67,0.4847,82.74,2.404,1
695,881.55,0.4944,92.37,2.402,1
696,853.13,0.4947,90.14,2.44,1
697,979.71,0.4842,87.25,2.505,1
698,852.0,0.4934,89.93,2.358,1
699,854.75,0.4938,89.48,2.432,1
700,840.56,0.4986,89.7,2.515,1
701,770.05,0.5076,85.97,2.388,1
702,846.89,0.4983,95.87,2.513,1
703,905.38,0.493,94.49,2.394,1
704,831.9,0.4996,88.83,2.404,1
705,756.02,0.5071,86.42,2.443,1
706,871.97,0.4934,88.89,2.544,1
707,896.71,0.4938,91.14,2.418,1
708,806.47,0.5038,90.46,2.363,1
709,832.92,0.4985,93.2,2.38,1
710,775.6,0.5044,90.64,2.497,1
711,855.89,0.4999,91.65,2.382,1
712,774.22,0.5048,97.9,2.509,1
713,888.53,0.493,88.2,2.453,1
714,831.43,0.4999,96.91,2.448,1
715,831.46,0.4986,96.06,2.465,1
716,880.5,0.4917,90.77,2.41,1
717,929.32,0.4894,82.41,2.457,1
718,774.85,0.5047,90.79,2.39,1
719,883.2,0.4976,89.91,2.517,1
720,903.39,0.493,89.87,2.399,1
721,813.11,0.4993,88.71,2.472,1
722,763.17,0.5077,91.78,2.398,1
723,974.11,0.4845,88.73,2.423,1
724,945.49,0.4898,91.91,2.431,1
725,868.08,0.4937,88.93,2.599,1
726,729.76,0.5099,85.33,2.449,1
727,799.56,0.5019,92.64,2.409,1
728,312.38,0.5433,45.67,2.428,0
729,874.18,0.4922,89.68,2.375,1
730,479.74,0.5318,57.58,2.442,0
731,800.27,0.503,90.55,2.543,1
732,844.51,0.5004,90.44,2.467,1
733,784.33,0.5037,93.0,2.495,1
734,823.06,0.4987,91.44,2.405,1
735,819.4,0.5019,92.81,2.44,1
736,792.31,0.5011,93.33,2.46,1
737,793.63,0.5053,91.51,2.414,1
738,791.69,0.5055,92.06,2.47,1
739,952.3,0.489,85.45,2.481,1
740,973.46,0.4847,83.15,2.477,1
741,744.58,0.5068,89.74,2.442,1
742,745.68,0.5081,89.28,2.505,1
743,894.29,0.4931,88.25,2.437,1
744,927.82,0.4874,87.95,2.433,1
745,842.93,0.5007,94.62,2.522,1
746,772.63,0.5063,93.62,2.395,1
747,684.25,0.5122,91.67,2.365,1
748,828.07,0.5035,87.15,2.407,1
749,846.16,0.4975,87.92,2.469,1
750,853.63,0.4939,89.29,2.514,1
751,800.99,0.5001,92.23,2.417,1
752,872.06,0.498,90.84,2.541,1
753,925.72,0.4931,88.17,2.451,1
754,709.86,0.5139,85.68,2.444,1
755,733.7,0.5121,88.93,2.408,1
756,773.38,0.5077,85.5,2.548,1
757,891.74,0.4937,97.12,2.442,1
758,772.0,0.5058,90.33,2.383,1
759,790.56,0.5043,93.96,2.573,1
760,807.6,0.503,89.52,2.47,1
761,722.96,0.5085,90.88,2.49,1
762,795.06,0.5043,91.12,2.534,1
763,804.28,0.505,93.13,2.481,1
764,774.32,0.5043,90.22,2.499,1
765,791.09,0.5023,96.13,2.453,1
766,945.71,0.4879,83.0,2.487,1
767,800.31,0.5006,94.76,2.448,1
768,826.96,0.4962,91.36,2.449,1
769,927.93,0.4913,86.01,2.456,1
770,701.43,0.5114,93.67,2.43,1
771,708.71,0.5118,93.21,2.475,1
772,718.77,0.5092,82.6,2.475,1
773,831.6,0.5017,92.17,2.491,1
774,751.52,0.5092,90.97,2.482,1
775,813.93,0.5001,93.32,2.55,1
776,780.94,0.5014,96.28,2.503,1
777,883.01,0.4926,93.53,2.44,1
778,806.9,0.5027,92.15,2.473,1
779,820.25,0.5004,98.78,2.521,1
780,906.55,0.4911,91.81,2.403,1
781,827.96,0.4997,90.9,2.551,1
782,841.84,0.4995,90.26,2.411,1
783,702.96,0.5122,91.16,2.495,1
784,772.13,0.5061,87.78,2.45,1
785,797.55,0.5001,90.76,2.447,1
786,860.11,0.5017,90.93,2.385,1
787,810.9,0.5003,93.03,2.495,1
788,837.59,0.4986,91.15,2.386,1
789,902.39,0.4926,85.69,2.378,1
790,820.72,0.499,95.3,2.508,1
791,868.37,0.4949,89.33,2.539,1
792,900.68,0.4915,95.21,2.417,1
793,766.87,0.5035,92.02,2.5,1
794,804.37,0.5027,95.17,2.49,1
795,899.14,0.4879,89.36,2.445,1
796,866.49,0.4992,95.81,2.517,1
797,773.12,0.5068,91.59,2.442,1
798,765.63,0.5072,90.41,2.476,1
799,715.52,0.507,93.08,2.387,1
800,800.05,0.5003,99.43,2.389,1
801,905.16,0.4943,89.48,2.508,1
802,981.33,0.4926,92.02,2.478,1
803,824.02,0.5023,91.45,2.443,1
804,818.31,0.5026,92.91,2.545,1
805,748.39,0.5088,89.17,2.545,1
806,730.3,0.5075,83.12,2.472,1
807,850.44,0.4991,91.25,2.377,1
808,876.15,0.4915,92.17,2.444,1
809,813.98,0.4978,89.22,2.408,1
810,777.95,0.5015,94.47,2.454,1
811,854.52,0.4986,92.28,2.403,1
812,856.07,0.4961,90.38,2.39,1
813,805.88,0.5017,94.36,2.337,1
814,852.22,0.4966,93.17,2.458,1
815,835.81,0.4957,92.1,2.335,1
816,785.12,0.5021,94.58,2.434,1
817,832.32,0.4973,91.96,2.485,1
818,773.31,0.5017,86.73,2.414,1
819,791.26,0.5019,90.47,2.396,1
820,869.82,0.4923,84.06,2.447,1
821,863.8,0.4967,93.15,2.409,1
822,741.66,0.5098,91.27,2.459,1
823,866.61,0.4921,92.24,2.398,1
824,950.21,0.4856,87.82,2.445,1
825,981.11,0.4873,90.13,2.433,1
826,796.54,0.5002,87.25,2.449,1
827,827.39,0.5002,91.65,2.532,1
828,829.92,0.4992,87.62,2.46,1
829,765.61,0.5083,88.18,2.475,1
830,999.17,0.4818,89.2,2.419,1
831,784.93,0.5027,94.64,2.461,1
832,720.6,0.5106,90.19,2.436,1
833,894.64,0.4923,88.96,2.451,1
834,842.52,0.4974,88.41,2.482,1
835,938.86,0.4836,32.87,2.425,0
836,905.12,0.4939,93.49,2.43,1
837,864.54,0.4978,92.73,2.426,1
838,704.81,0.5097,83.86,2.425,1
839,694.69,0.5125,87.62,2.459,1
840,836.75,0.4977,85.74,2.432,1
841,671.49,0.513,89.49,2.525,1
842,776.63,0.5002,89.89,2.584,1
843,691.96,0.5119,83.91,2.422,1
844,818.19,0.4994,94.36,2.465,1
845,779.83,0.5009,93.53,2.502,1
846,800.28,0.5025,92.12,2.437,1
847,640.23,0.5216,89.0,2.4,1
848,783.53,0.5058,92.18,2.537,1
849,862.9,0.4952,88.71,2.484,1
850,716.91,0.5066,91.51,2.466,1
851,859.12,0.4975,90.57,2.523,1
852,854.86,0.4967,94.96,2.489,1
853,770.64,0.5062,90.96,2.448,1
854,860.59,0.5002,93.12,2.401,1
855,783.86,0.5019,87.27,2.425,1
856,755.85,0.5001,92.18,2.51,1
857,775.08,0.5023,91.31,2.484,1
858,803.24,0.5029,88.23,2.441,1
859,945.72,0.4868,86.3,2.538,1
860,750.2,0.5045,92.05,2.442,1
861,852.2,0.4933,89.91,2.499,1
862,905.37,0.4902,84.33,2.461,1
863,796.36,0.4996,91.13,2.547,1
864,826.03,0.5006,90.51,2.488,1
865,855.75,0.4953,91.26,2.452,1
866,752.52,0.5057,90.58,2.441,1
867,890.02,0.4909,87.64,2.449,1
868,852.08,0.4972,89.99,2.414,1
869,858.72,0.496,91.14,2.382,1
870,827.45,0.4997,94.85,2.465,1
871,805.95,0.5019,92.43,2.423,1
872,883.52,0.4931,94.12,2.423,1
873,750.48,0.5049,94.0,2.446,1
874,799.86,0.5004,96.43,2.453,1
875,933.54,0.4871,91.23,2.45,1
876,991.96,0.4867,91.58,2.537,1
877,996.97,0.4804,29.66,2.483,0
878,825.06,0.4985,93.64,2.555,1
879,828.84,0.4993,95.54,2.428,1
880,815.13,0.4998,96.18,2.489,1
881,829.06,0.5015,89.38,2.431,1
882,751.99,0.5064,91.99,2.422,1
883,886.62,0.4924,89.78,2.557,1
884,913.63,0.492,94.92,2.412,1
885,930.46,0.4926,85.45,2.338,1
886,832.3,0.502,89.27,2.415,1
887,736.57,0.5085,83.74,2.35,1
888,846.78,0.4971,91.72,2.402,1
889,982.64,0.483,91.78,2.407,1
890,933.31,0.4884,87.61,2.452,1
891,855.17,0.4943,90.62,2.348,1
892,876.63,0.4962,92.65,2.51,1
893,850.93,0.4972,90.99,2.356,1
894,816.52,0.5003,93.07,2.444,1
895,863.82,0.4846,38.8,2.434,0
896,753.58,0.5071,87.2,2.491,1
897,822.02,0.4954,90.44,2.468,1
898,862.91,0.4941,92.47,2.509,1
899,776.68,0.5033,93.97,2.432,1
900,925.52,0.4896,92.18,2.427,1
901,836.18,0.5026,92.38,2.471,1
902,825.96,0.5007,92.96,2.501,1
903,861.39,0.499,94.07,2.491,1
904,731.59,0.5108,86.33,2.466,1
905,884.95,0.4958,88.94,2.462,1
906,727.76,0.514,86.17,2.448,1
907,818.46,0.4985,87.87,2.47,1
908,884.96,0.4913,90.29,2.552,1
909,830.2,0.5005,95.08,2.438,1
910,889.44,0.4927,87.53,2.432,1
911,873.41,0.4949,91.84,2.428,1
912,788.88,0.5027,89.47,2.469,1
913,863.82,0.4872,42.28,2.344,0
914,895.85,0.4958,97.02,2.443,1
915,732.02,0.5067,86.9,2.494,1
916,760.33,0.5079,85.59,2.424,1
917,738.75,0.5098,89.23,2.459,1
918,751.06,0.5036,91.87,2.555,1
919,713.65,0.5093,90.81,2.467,1
920,926.92,0.4872,93.16,2.338,1
921,1117.0,0.4776,40.37,2.38,0
922,867.93,0.4941,88.5,2.437,1
923,810.42,0.5008,96.69,2.41,1
924,824.85,0.4961,93.79,2.455,1
925,881.9,0.4989,94.19,2.435,1
926,699.98,0.5128,85.38,2.508,1
927,841.94,0.4988,95.17,2.395,1
928,781.38,0.5028,93.73,2.44,1
929,820.65,0.4984,92.25,2.461,1
930,857.19,0.5005,90.17,2.467,1
931,777.44,0.5,92.32,2.457,1
932,797.17,0.503,96.19,2.329,1
933,718.07,0.5079,86.12,2.454,1
934,704.67,0.5112,85.52,2.442,1
935,785.96,0.5021,89.65,2.493,1
936,760.22,0.504,89.7,2.486,1
937,895.13,0.4922,89.4,2.462,1
938,769.18,0.4994,94.79,2.466,1
939,752.32,0.5064,91.42,2.518,1
940,762.07,0.5059,90.42,2.508,1
941,776.43,0.5014,92.55,2.464,1
942,796.03,0.506,92.05,2.557,1
943,775.22,0.5033,86.11,2.419,1
944,737.24,0.5082,92.51,2.391,1
945,788.28,0.502,89.1,2.449,1
946,1045.56,0.4703,39.85,2.431,0
947,827.08,0.5023,92.51,2.327,1
948,1063.72,0.4801,83.16,2.417,1
949,811.67,0.5026,92.85,2.467,1
950,1079.62,0.4752,80.97,2.447,1
951,969.1,0.4883,86.81,2.411,1
952,796.29,0.5031,95.83,2.452,1
953,823.7,0.5032,93.31,2.456,1
954,912.53,0.4921,90.32,2.486,1
955,869.17,0.4952,92.71,2.418,1
956,739.17,0.5093,86.68,2.494,1
957,811.2,0.4967,97.69,2.395,1
958,681.53,0.5153,82.65,2.425,1
959,786.16,0.5,92.34,2.535,1
960,757.88,0.5028,90.48,2.399,1
961,719.79,0.511,87.05,2.417,1
962,787.03,0.5009,90.49,2.387,1
963,884.59,0.4932,87.55,2.409,1
964,830.13,0.4993,95.44,2.457,1
965,826.33,0.4998,88.36,2.485,1
966,888.27,0.4907,91.76,2.449,1
967,856.3,0.4983,93.58,2.434,1
968,865.98,0.495,89.41,2.388,1
969,769.99,0.5063,91.67,2.414,1
970,791.44,0.5002,91.5,2.373,1
971,834.35,0.4981,88.28,2.487,1
972,851.0,0.4993,88.61,2.49,1
973,826.93,0.5015,93.66,2.448,1
974,762.61,0.5042,92.67,2.472,1
975,872.58,0.4932,90.6,2.494,1
976,865.54,0.4929,88.58,2.455,1
977,734.2,0.5075,89.0,2.52,1
978,815.86,0.4972,90.35,2.399,1
979,908.49,0.4904,83.41,2.433,1
980,805.26,0.503,91.44,2.427,1
981,772.8,0.5032,92.78,2.482,1
982,916.89,0.4896,88.5,2.378,1
983,800.32,0.5016,96.99,2.522,1
984,795.69,0.505,87.56,2.478,1
985,782.36,0.5025,89.42,2.538,1
986,394.16,0.5387,45.42,2.448,0
987,892.1,0.4905,89.42,2.422,1
988,773.59,0.5023,85.79,2.483,1
989,851.19,0.4979,93.36,2.502,1
990,848.22,0.4967,91.92,2.414,1
991,764.97,0.5059,83.86,2.35,1
992,752.48,0.5101,88.11,2.359,1
993,906.43,0.4933,31.55,2.463,0
994,698.85,0.5089,87.6,2.527,1
995,841.34,0.4993,87.87,2.385,1
996,802.18,0.5024,92.7,2.436,1
997,760.31,0.5052,95.78,2.433,1
998,819.38,0.5008,92.66,2.546,1
999,773.57,0.5009,85.37,2.563,1
1000,798.96,0.5056,91.2,2.471,1
1001,835.16,0.4996,91.36,2.495,1
1002,848.08,0.495,87.28,2.494,1
1003,833.9,0.4972,92.38,2.386,1
1004,741.58,0.5043,93.46,2.485,1
1005,812.9,0.5,89.99,2.399,1
1006,787.4,0.5023,86.54,2.441,1
1007,747.56,0.5046,84.7,2.507,1
1008,861.3,0.4975,89.41,2.454,1
1009,799.24,0.5051,90.05,2.505,1
1010,794.92,0.5026,89.85,2.515,1
1011,893.04,0.4916,87.15,2.362,1
1012,736.4,0.5098,90.27,2.341,1
1013,851.92,0.4966,92.52,2.508,1
1014,903.11,0.4887,88.5,2.51,1
1015,873.15,0.4929,92.19,2.463,1
1016,879.44,0.4931,87.84,2.47,1
1017,822.09,0.5004,88.67,2.495,1
1018,837.9,0.4981,90.04,2.494,1
1019,846.39,0.4977,89.71,2.435,1
1020,746.42,0.5042,84.7,2.498,1
1021,812.68,0.5023,89.84,2.433,1
1022,799.66,0.5021,94.84,2.462,1
1023,849.68,0.5028,93.73,2.46,1
1024,771.67,0.5042,92.44,2.407,1
1025,963.29,0.4857,86.78,2.413,1
1026,905.79,0.4975,95.77,2.562,1
1027,965.11,0.4852,82.95,2.405,1
1028,816.18,0.5002,89.08,2.468,1
1029,798.59,0.5,95.37,2.479,1
1030,786.08,0.5071,89.83,2.447,1
1031,717.78,0.5081,87.32,2.484,1
1032,816.3,0.5014,93.39,2.466,1
1033,841.91,0.4966,89.82,2.406,1
1034,784.49,0.5033,88.66,2.477,1
1035,822.78,0.4964,88.48,2.423,1
1036,849.64,0.5,92.96,2.537,1
1037,750.18,0.5067,90.53,2.471,1
1038,829.3,0.4962,95.55,2.415,1
1039,795.51,0.5055,89.52,2.467,1
1040,765.15,0.5046,89.79,2.404,1
1041,889.04,0.4935,94.31,2.463,1
1042,775.6,0.5066,92.9,2.439,1
1043,785.3,0.5048,91.1,2.409,1
1044,765.09,0.5007,87.21,2.408,1
1045,884.54,0.4948,88.07,2.572,1
1046,873.29,0.4942,87.09,2.455,1
1047,847.49,0.4963,91.16,2.428,1
1048,782.55,0.5037,89.51,2.42,1
1049,846.31,0.4935,94.8,2.474,1
1050,795.96,0.503,86.56,2.418,1
1051,870.2,0.4916,85.69,2.395,1
1052,826.89,0.4986,92.46,2.448,1
1053,816.35,0.5007,93.44,2.448,1
1054,685.67,0.5166,77.43,2.429,1
1055,890.94,0.4906,83.56,2.405,1
1056,756.84,0.51,87.69,2.43,1
1057,831.15,0.501,95.89,2.427,1
1058,783.99,0.5028,96.99,2.42,1
1059,787.96,0.5008,90.62,2.464,1
1060,759.51,0.503,90.75,2.561,1
1061,835.91,0.499,89.3,2.517,1
1062,709.85,0.5099,90.43,2.547,1
1063,875.87,0.4969,95.82,2.422,1
1064,731.91,0.5077,93.26,2.534,1
1065,841.81,0.4956,90.71,2.461,1
1066,829.03,0.4996,89.43,2.499,1
1067,874.16,0.4927,89.69,2.473,1
1068,790.79,0.5031,95.38,2.433,1
1069,748.34,0.5098,87.36,2.486,1
1070,827.58,0.4995,86.48,2.474,1
1071,835.38,0.4987,90.66,2.362,1
1072,896.52,0.4924,88.71,2.444,1
1073,797.56,0.4984,86.22,2.494,1
1074,931.51,0.4892,88.79,2.464,1
1075,882.49,0.4938,91.63,2.473,1
1076,824.99,0.5015,97.27,2.412,1
1077,748.12,0.509,84.95,2.463,1
1078,634.08,0.5191,86.03,2.445,1
1079,880.61,0.496,93.84,2.44,1
1080,720.84,0.5098,90.15,2.416,1
1081,809.69,0.5017,88.64,2.496,1
1082,822.93,0.499,88.62,2.467,1
1083,802.21,0.5029,91.57,2.462,1
1084,807.72,0.5004,92.21,2.553,1
1085,849.11,0.5008,90.2,2.474,1
1086,890.76,0.4972,95.21,2.51,1
1087,929.54,0.4905,87.5,2.464,1
1088,953.63,0.4895,82.57,2.432,1
1089,743.94,0.5044,90.1,2.397,1
1090,806.6,0.4981,93.04,2.462,1
1091,851.43,0.4959,91.94,2.317,1
1092,820.36,0.5001,93.0,2.464,1
1093,764.29,0.5054,94.9,2.466,1
1094,772.22,0.5012,88.43,2.439,1
1095,887.72,0.4955,89.5,2.445,1
1096,788.17,0.5083,93.86,2.387,1
1097,746.17,0.5107,82.24,2.519,1
1098,811.93,0.5034,90.99,2.433,1
1099,762.08,0.5066,93.63,2.401,1
1100,721.22,0.5084,92.82,2.477,1
1101,748.59,0.5077,91.48,2.456,1
1102,826.65,0.5042,92.93,2.432,1
1103,773.6,0.5041,87.78,2.427,1
1104,776.42,0.5035,95.21,2.45,1
1105,915.25,0.4925,86.0,2.517,1
1106,920.23,0.4881,34.19,2.473,0
1107,888.93,0.4908,90.0,2.448,1
1108,865.58,0.4946,88.94,2.493,1
1109,724.75,0.5089,89.61,2.451,1
1110,767.25,0.5057,91.59,2.47,1
1111,477.8,0.5386,53.83,2.458,0
1112,819.86,0.4982,92.91,2.479,1
1113,918.41,0.4922,87.58,2.428,1
1114,837.77,0.4984,93.7,2.393,1
1115,864.59,0.5007,89.4,2.495,1
1116,821.91,0.5005,94.66,2.525,1
1117,744.63,0.5077,89.69,2.395,1
1118,855.98,0.4975,92.63,2.459,1
1119,789.84,0.5024,86.11,2.428,1
1120,844.37,0.4933,83.15,2.494,1
1121,785.62,0.5031,86.74,2.462,1
1122,814.16,0.5,97.24,2.616,1
1123,833.41,0.4949,87.09,2.435,1
1124,833.63,0.4984,93.87,2.527,1
1125,786.42,0.4987,89.84,2.532,1
1126,829.8,0.4982,90.89,2.477,1
1127,710.93,0.512,87.39,2.452,1
1128,828.49,0.4993,96.83,2.455,1
1129,826.71,0.4983,93.41,2.451,1
1130,953.61,0.4857,87.58,2.507,1
1131,860.52,0.4939,94.05,2.406,1
1132,837.23,0.4982,89.73,2.442,1
1133,1269.41,0.457,36.66,2.436,0
1134,944.55,0.4883,48.92,2.364,0
1135,836.54,0.4989,94.47,2.493,1
1136,742.52,0.5088,88.57,2.503,1
1137,812.36,0.5004,90.63,2.418,1
1138,1065.02,0.4749,44.26,2.502,0
1139,822.64,0.4994,89.49,2.371,1
1140,813.61,0.5,89.25,2.451,1
1141,699.67,0.5117,88.79,2.444,1
1142,948.49,0.4842,84.96,2.454,1
1143,964.39,0.4864,88.04,2.454,1
1144,839.99,0.4963,92.5,2.446,1
1145,806.57,0.5001,88.81,2.431,1
1146,763.58,0.5047,87.42,2.445,1
1147,767.77,0.5032,90.51,2.518,1
1148,806.3,0.4974,89.06,2.421,1
1149,743.99,0.5069,87.18,2.563,1
1150,772.66,0.507,94.87,2.418,1
1151,812.44,0.5013,87.16,2.462,1
1152,792.14,0.5065,96.04,2.479,1
1153,818.91,0.5019,92.47,2.435,1
1154,867.8,0.4962,93.95,2.519,1
1155,816.34,0.5047,93.27,2.477,1
1156,810.72,0.5008,93.73,2.44,1
1157,821.3,0.5,96.99,2.519,1
1158,724.59,0.51,85.23,2.399,1
1159,1012.29,0.4833,84.7,2.422,1
1160,911.64,0.4904,86.09,2.478,1
1161,882.42,0.4919,84.25,2.49,1
1162,995.04,0.481,32.75,2.466,0
1163,818.49,0.4983,97.26,2.444,1
1164,929.11,0.4898,87.85,2.437,1
1165,892.75,0.4933,95.86,2.507,1
1166,871.44,0.4941,96.5,2.462,1
1167,673.7,0.5167,94.13,2.406,1
1168,670.88,0.5123,93.14,2.404,1
1169,850.18,0.4972,98.4,2.526,1
1170,833.31,0.4975,92.4,2.414,1
1171,957.21,0.4922,90.13,2.464,1
1172,946.69,0.487,87.95,2.518,1
1173,814.43,0.4992,91.87,2.477,1
1174,854.14,0.4932,90.32,2.412,1
1175,854.2,0.4994,94.17,2.399,1
1176,915.67,0.4891,86.68,2.543,1
1177,851.81,0.4948,86.37,2.398,1
1178,817.8,0.501,92.91,2.422,1
1179,810.64,0.5025,89.34,2.469,1
1180,806.98,0.5028,89.55,2.439,1
1181,905.74,0.491,88.51,2.479,1
1182,768.29,0.5058,89.15,2.377,1
1183,603.77,0.5164,50.56,2.439,0
1184,786.52,0.5043,90.32,2.484,1
1185,830.03,0.4999,95.48,2.484,1
1186,932.99,0.4906,89.39,2.421,1
1187,841.67,0.4978,91.26,2.399,1
1188,778.43,0.5025,91.9,2.461,1
1189,777.23,0.5042,87.0,2.384,1
1190,845.69,0.499,92.85,2.514,1
1191,681.74,0.5104,90.84,2.458,1
1192,715.74,0.5069,92.82,2.415,1
1193,856.78,0.4983,87.58,2.397,1
1194,804.98,0.5051,85.98,2.418,1
1195,667.24,0.5131,85.37,2.372,1
1196,695.56,0.5133,91.04,2.475,1
1197,890.54,0.4916,89.88,2.41,1
1198,874.12,0.4937,87.75,2.47,1
1199,730.8,0.5101,84.08,2.477,1
1200,859.92,0.4928,87.66,2.498,1
1201,881.08,0.491,86.68,2.463,1
1202,844.78,0.4967,93.97,2.506,1
1203,789.66,0.5029,94.35,2.519,1
1204,801.84,0.4993,88.74,2.463,1
1205,879.4,0.4956,93.04,2.466,1
1206,854.37,0.4954,92.68,2.422,1
1207,856.74,0.4952,87.09,2.401,1
1208,883.03,0.494,89.95,2.514,1
1209,669.77,0.5155,86.8,2.48,1
1210,819.21,0.502,92.05,2.484,1
1211,742.18,0.506,85.05,2.42,1
1212,820.85,0.4967,91.55,2.531,1
1213,825.2,0.4987,93.67,2.439,1
1214,867.42,0.4951,95.37,2.41,1
1215,964.0,0.482,82.43,2.421,1
1216,878.49,0.4906,87.13,2.529,1
1217,940.98,0.4877,86.76,2.394,1
1218,948.66,0.4847,86.76,2.412,1
1219,865.26,0.4919,89.6,2.595,1
1220,755.65,0.509,90.74,2.497,1
1221,808.97,0.4997,88.59,2.413,1
1222,761.93,0.5088,90.22,2.396,1
1223,794.08,0.5028,89.1,2.366,1
1224,775.93,0.5053,90.02,2.455,1
1225,873.54,0.4939,95.26,2.486,1
1226,727.74,0.5036,86.89,2.526,1
1227,747.92,0.505,89.75,2.355,1
1228,854.49,0.4961,87.13,2.384,1
1229,791.88,0.5038,91.46,2.444,1
1230,744.05,0.5039,94.13,2.589,1
1231,854.32,0.4963,91.53,2.494,1
1232,867.84,0.4924,89.17,2.469,1
1233,901.66,0.4919,93.33,2.389,1
1234,813.98,0.5006,92.9,2.344,1
1235,815.23,0.5022,93.96,2.452,1
1236,894.67,0.4946,92.57,2.445,1
1237,828.38,0.5002,83.35,2.437,1
1238,802.07,0.5039,90.74,2.431,1
1239,772.36,0.5042,87.63,2.413,1
1240,781.86,0.5106,85.74,2.401,1
1241,710.69,0.5087,93.5,2.519,1
1242,873.07,0.4932,88.74,2.406,1
1243,731.07,0.5114,93.48,2.436,1
1244,870.86,0.4964,86.84,2.448,1
1245,763.22,0.5071,86.49,2.485,1
1246,830.47,0.5005,94.22,2.407,1
1247,800.79,0.4972,90.3,2.499,1
1248,971.74,0.4877,88.32,2.421,1
1249,826.6,0.4988,91.45,2.442,1
1250,948.15,0.4894,87.78,2.532,1
1251,712.77,0.5066,89.05,2.402,1
1252,727.66,0.5103,88.88,2.486,1
1253,859.08,0.4946,92.34,2.5,1
1254,813.08,0.5021,96.39,2.465,1
1255,873.84,0.4951,89.99,2.444,1
1256,868.65,0.4957,89.65,2.556,1
1257,746.67,0.5053,88.9,2.449,1
1258,821.24,0.4997,96.38,2.46,1
1259,703.66,0.5118,89.7,2.433,1
1260,862.05,0.4967,85.48,2.458,1
1261,777.21,0.5068,84.04,2.498,1
1262,817.02,0.5007,89.41,2.436,1
1263,740.52,0.5054,91.11,2.345,1
1264,851.25,0.497,91.15,2.476,1
1265,880.65,0.4997,93.5,2.396,1
1266,863.67,0.4992,91.34,2.487,1
1267,808.57,0.4943,94.5,2.45,1
1268,778.62,0.5045,93.07,2.497,1
1269,798.5,0.5044,91.02,2.403,1
1270,777.65,0.504,94.35,2.423,1
1271,710.59,0.5105,83.33,2.433,1
1272,720.5,0.5099,88.29,2.376,1
1273,856.37,0.4975,91.82,2.506,1
1274,770.63,0.5025,93.21,2.369,1
1275,886.44,0.4958,85.7,2.505,1
1276,817.26,0.5002,91.2,2.471,1
1277,838.17,0.4959,92.11,2.44,1
1278,740.08,0.511,89.44,2.467,1
1279,762.51,0.5025,94.99,2.466,1
1280,821.87,0.4985,93.99,2.43,1
1281,730.32,0.5081,89.14,2.465,1
1282,1007.39,0.4852,88.19,2.487,1
1283,935.04,0.4863,86.1,2.403,1
1284,721.18,0.5054,90.86,2.467,1
1285,803.29,0.5004,94.33,2.319,1
1286,813.84,0.5017,91.51,2.354,1
1287,922.94,0.491,90.01,2.478,1
1288,871.58,0.4998,94.87,2.429,1
1289,721.53,0.5136,88.88,2.407,1
1290,770.89,0.5056,94.04,2.447,1
1291,789.43,0.5012,98.77,2.43,1
1292,884.09,0.497,93.38,2.401,1
1293,837.38,0.4973,89.98,2.368,1
1294,943.07,0.4855,87.85,2.352,1
1295,794.18,0.5018,93.04,2.487,1
1296,737.83,0.5057,92.13,2.429,1
1297,911.55,0.4893,92.64,2.498,1
1298,857.6,0.4955,85.7,2.428,1
1299,910.85,0.4921,93.97,2.468,1
1300,873.82,0.4934,95.52,2.444,1
1301,788.66,0.5004,93.66,2.452,1
1302,919.37,0.4858,88.24,2.455,1
1303,784.93,0.5042,90.14,2.428,1
1304,772.9,0.5051,90.54,2.389,1
1305,824.03,0.4983,93.74,2.488,1
1306,969.97,0.4831,86.96,2.53,1
1307,892.92,0.4932,92.04,2.533,1
1308,770.95,0.5084,91.08,2.422,1
1309,982.3,0.4811,86.66,2.413,1
1310,844.41,0.4976,93.82,2.422,1
1311,917.31,0.492,86.29,2.441,1
1312,750.95,0.5055,92.89,2.447,1
1313,863.27,0.4954,96.3,2.4,1
1314,793.07,0.5027,91.26,2.376,1
1315,754.62,0.5038,95.48,2.452,1
1316,705.09,0.5125,84.55,2.273,1
1317,833.8,0.4986,91.64,2.445,1
1318,807.92,0.5026,89.48,2.403,1
1319,889.82,0.4899,92.58,2.489,1
1320,743.32,0.5081,94.25,2.502,1
1321,899.53,0.4948,90.21,2.504,1
1322,901.93,0.4962,94.51,2.433,1
1323,849.6,0.4998,96.94,2.393,1
1324,895.07,0.4894,88.1,2.409,1
1325,815.14,0.5016,92.08,2.464,1
1326,746.87,0.5066,92.16,2.368,1
1327,807.32,0.502,89.04,2.52,1
1328,905.65,0.4892,88.44,2.433,1
1329,790.3,0.4992,98.29,2.475,1
1330,764.49,0.505,89.05,2.361,1
1331,957.22,0.4872,89.73,2.404,1
1332,998.76,0.4817,42.04,2.355,0
1333,772.24,0.506,89.71,2.501,1
1334,807.31,0.5018,92.28,2.442,1
1335,802.29,0.5028,96.59,2.479,1
1336,711.53,0.5126,88.89,2.453,1
1337,783.69,0.5032,93.33,2.473,1
1338,779.32,0.5045,95.57,2.433,1
1339,683.24,0.5184,83.34,2.44,1
1340,836.94,0.4985,88.57,2.445,1
1341,872.48,0.4946,95.72,2.47,1
1342,794.63,0.5029,91.7,2.472,1
1343,786.85,0.503,93.95,2.591,1
1344,844.45,0.4964,88.79,2.534,1
1345,891.28,0.493,90.95,2.361,1
1346,659.66,0.5157,82.38,2.443,1
1347,795.68,0.5022,91.69,2.43,1
1348,849.91,0.495,88.64,2.514,1
1349,763.21,0.5062,87.47,2.434,1
1350,839.9,0.4993,90.97,2.473,1
1351,831.67,0.4983,84.76,2.333,1
1352,739.49,0.5038,87.51,2.374,1
1353,916.44,0.4912,91.38,2.555,1
1354,799.86,0.5024,92.49,2.453,1
1355,674.57,0.513,83.83,2.4,1
1356,806.9,0.5032,92.85,2.462,1
1357,813.54,0.4974,88.77,2.397,1
1358,875.76,0.4966,93.28,2.436,1
1359,845.25,0.4972,90.98,2.377,1
1360,786.49,0.4983,90.67,2.411,1
1361,848.33,0.4974,91.13,2.429,1
1362,751.87,0.5062,97.78,2.506,1
1363,919.71,0.4882,85.37,2.473,1
1364,748.08,0.5059,90.92,2.482,1
1365,841.73,0.4974,93.74,2.449,1
1366,784.98,0.5026,88.51,2.491,1
1367,851.96,0.4923,84.73,2.406,1
1368,762.16,0.509,87.11,2.413,1
1369,734.16,0.5085,91.44,2.47,1
1370,741.91,0.5065,88.96,2.436,1
1371,893.03,0.4897,87.65,2.449,1
1372,783.39,0.5056,93.06,2.442,1
1373,765.28,0.5028,88.92,2.513,1
1374,926.65,0.4891,87.79,2.515,1
1375,808.73,0.4998,87.44,2.419,1
1376,784.89,0.5025,92.39,2.362,1
1377,759.8,0.5038,91.7,2.414,1
1378,794.9,0.5012,94.16,2.405,1
1379,476.65,0.5286,52.62,2.492,0
1380,729.98,0.51,87.9,2.496,1
1381,723.52,0.5083,85.39,2.398,1
1382,1003.21,0.4805,82.89,2.412,1
1383,860.05,0.4978,95.97,2.376,1
1384,794.06,0.4989,90.83,2.457,1
1385,933.05,0.4881,83.49,2.448,1
1386,793.0,0.5006,89.86,2.489,1
1387,716.17,0.5085,84.32,2.475,1
1388,895.93,0.4926,85.74,2.481,1
1389,786.27,0.5023,93.5,2.373,1
1390,852.39,0.4938,85.76,2.419,1
1391,892.54,0.4954,91.67,2.497,1
1392,744.8,0.51,88.54,2.423,1
1393,812.54,0.4963,89.44,2.369,1
1394,825.83,0.4905,45.75,2.49,0
1395,953.94,0.4873,84.38,2.421,1
1396,693.43,0.5127,89.74,2.503,1
1397,814.08,0.5041,88.8,2.449,1
1398,845.35,0.4988,90.61,2.436,1
1399,789.41,0.5039,89.45,2.518,1
1400,888.59,0.4904,90.74,2.385,1
1401,754.43,0.508,90.98,2.522,1
1402,812.9,0.4978,83.64,2.418,1
1403,861.96,0.4986,92.49,2.458,1
1404,861.16,0.4966,85.92,2.459,1
1405,839.53,0.496,89.92,2.429,1
1406,394.62,0.5366,45.79,2.412,0
1407,853.01,0.5017,90.59,2.432,1
1408,929.86,0.4894,37.3,2.399,0
1409,833.05,0.4999,94.15,2.548,1
1410,777.72,0.5035,88.8,2.426,1
1411,849.5,0.4971,88.86,2.508,1
1412,643.05,0.5151,85.86,2.501,1
1413,922.2,0.4892,83.5,2.468,1
1414,740.01,0.5085,87.71,2.443,1
1415,771.75,0.5092,92.87,2.46,1
1416,836.68,0.4941,85.71,2.479,1
1417,670.25,0.5151,84.96,2.455,1
1418,892.9,0.4962,43.69,2.372,0
1419,752.86,0.5065,96.0,2.359,1
1420,815.73,0.5001,90.38,2.526,1
1421,817.2,0.4984,90.23,2.318,1
1422,814.63,0.4984,88.58,2.46,1
1423,756.09,0.5025,91.45,2.438,1
1424,716.77,0.5094,89.56,2.458,1
1425,788.32,0.501,89.16,2.393,1
1426,883.95,0.4935,92.97,2.468,1
1427,751.09,0.5054,91.22,2.461,1
1428,751.67,0.5061,92.71,2.588,1
1429,769.75,0.5042,89.86,2.457,1
1430,772.82,0.5049,91.36,2.518,1
1431,828.71,0.4979,90.89,2.375,1
1432,860.11,0.4933,94.29,2.501,1
1433,881.56,0.4937,90.43,2.462,1
1434,953.5,0.4884,87.77,2.464,1
1435,810.55,0.5013,90.38,2.464,1
1436,815.42,0.4991,90.29,2.536,1
1437,1019.58,0.4753,55.64,2.463,0
1438,972.27,0.4792,85.36,2.411,1
1439,902.56,0.491,86.87,2.42,1
1440,741.64,0.5073,90.03,2.491,1
1441,847.25,0.495,91.11,2.473,1
1442,784.08,0.502,92.63,2.374,1
1443,906.88,0.4899,83.32,2.476,1
1444,751.84,0.5095,85.95,2.396,1
1445,858.33,0.4985,87.6,2.472,1
1446,785.47,0.5015,91.8,2.41,1
1447,825.79,0.4936,42.28,2.436,0
1448,714.48,0.51,87.01,2.423,1
1449,863.57,0.4973,87.77,2.526,1
1450,868.09,0.4953,89.46,2.471,1
1451,849.45,0.4971,87.93,2.514,1
1452,804.14,0.5029,93.57,2.595,1
1453,820.11,0.4986,93.17,2.453,1
1454,882.64,0.4966,91.57,2.526,1
1455,729.34,0.5095,87.79,2.416,1
1456,815.59,0.4985,85.58,2.513,1
1457,669.3,0.5153,84.5,2.41,1
1458,965.67,0.4876,44.58,2.45,0
1459,699.36,0.5117,88.42,2.478,1
1460,824.75,0.5017,93.51,2.485,1
1461,749.95,0.5059,91.19,2.387,1
1462,859.5,0.4941,94.01,2.407,1
1463,899.72,0.4931,88.14,2.481,1
1464,778.55,0.5023,89.64,2.432,1
1465,780.73,0.506,93.29,2.381,1
1466,833.94,0.4993,92.4,2.447,1
1467,895.98,0.49,87.73,2.445,1
1468,918.87,0.4894,93.76,2.46,1
1469,913.15,0.4889,89.72,2.477,1
1470,956.04,0.4865,86.23,2.474,1
1471,864.18,0.4997,89.91,2.413,1
1472,746.46,0.5069,93.82,2.43,1
1473,843.1,0.4988,92.4,2.497,1
1474,983.4,0.4829,84.99,2.424,1
1475,844.3,0.4975,93.45,2.431,1
1476,838.49,0.4977,94.11,2.376,1
1477,671.03,0.5137,88.36,2.45,1
1478,937.44,0.4884,90.39,2.468,1
1479,851.93,0.496,92.28,2.352,1
1480,696.73,0.5109,89.74,2.398,1
1481,824.17,0.5019,89.4,2.38,1
1482,796.57,0.5027,96.79,2.491,1
1483,820.04,0.4995,88.22,2.356,1
1484,840.15,0.501,92.76,2.447,1
1485,740.06,0.5042,86.86,2.487,1
1486,916.68,0.4928,89.4,2.461,1
1487,754.65,0.5048,88.92,2.429,1
1488,932.38,0.4887,88.27,2.469,1
1489,799.0,0.5008,92.88,2.503,1
1490,802.09,0.4997,89.1,2.446,1
1491,905.92,0.494,90.1,2.34,1
1492,877.52,0.4982,95.81,2.509,1
1493,873.19,0.4939,86.21,2.472,1
1494,916.55,0.4906,86.2,2.45,1
1495,1257.82,0.4518,43.27,2.353,0
1496,950.15,0.4903,88.86,2.437,1
1497,767.77,0.5006,92.36,2.408,1
1498,924.24,0.4899,91.5,2.391,1
1499,771.94,0.5034,88.76,2.445,1
1500,866.99,0.4896,86.74,2.425,1
1501,868.76,0.494,88.27,2.428,1
1502,921.7,0.4936,88.98,2.489,1
1503,731.97,0.5077,93.49,2.465,1
1504,832.92,0.5005,86.83,2.427,1
1505,879.75,0.4965,87.51,2.421,1
1506,804.07,0.5016,87.57,2.429,1
1507,988.4,0.4826,88.95,2.44,1
1508,804.8,0.4976,89.61,2.481,1
1509,684.94,0.5126,86.29,2.4,1
1510,850.86,0.4989,86.95,2.525,1
1511,837.03,0.4983,90.87,2.481,1
1512,810.5,0.5019,94.21,2.315,1
1513,781.3,0.5044,91.56,2.456,1
1514,1029.45,0.483,84.68,2.504,1
1515,950.11,0.4853,81.51,2.472,1
1516,862.48,0.4992,90.89,2.432,1
1517,895.4,0.4924,89.97,2.449,1
1518,787.51,0.5073,86.67,2.461,1
1519,838.09,0.4953,92.63,2.491,1
1520,983.6,0.4832,87.76,2.382,1
1521,924.3,0.4881,86.01,2.422,1
1522,1041.13,0.477,83.82,2.534,1
1523,887.54,0.4957,90.5,2.454,1
1524,866.07,0.496,94.38,2.529,1
1525,901.65,0.4942,96.38,2.602,1
1526,753.7,0.5054,87.13,2.428,1
1527,742.07,0.5063,92.38,2.393,1
1528,858.14,0.496,94.85,2.439,1
1529,997.19,0.4813,81.13,2.508,1
1530,798.2,0.5019,89.88,2.515,1
1531,785.9,0.5014,89.98,2.566,1
1532,851.22,0.4995,91.53,2.451,1
1533,769.07,0.5045,89.68,2.477,1
1534,962.44,0.4883,87.1,2.417,1
1535,704.15,0.5122,89.95,2.327,1
1536,931.44,0.4898,82.69,2.451,1
1537,807.02,0.5027,88.45,2.395,1
1538,952.27,0.4842,87.62,2.485,1
1539,924.41,0.4899,90.08,2.359,1
1540,782.63,0.5084,86.02,2.416,1
1541,874.35,0.4949,92.2,2.466,1
1542,809.38,0.5032,95.18,2.472,1
1543,848.74,0.4986,91.57,2.451,1
1544,865.35,0.4959,87.89,2.546,1
1545,756.43,0.5071,92.36,2.532,1
1546,880.92,0.4949,95.69,2.419,1
1547,998.4,0.483,82.33,2.534,1
1548,881.15,0.4904,88.8,2.541,1
1549,509.35,0.5315,53.46,2.447,0
1550,820.14,0.4996,92.29,2.456,1
1551,959.41,0.4844,80.5,2.451,1
1552,935.33,0.4909,90.2,2.421,1
1553,880.66,0.4919,86.4,2.426,1
1554,850.64,0.4935,86.2,2.519,1
1555,973.48,0.4857,81.21,2.475,1
1556,870.21,0.4914,92.69,2.426,1
1557,866.85,0.4906,86.25,2.407,1
1558,819.02,0.5022,92.51,2.416,1
1559,800.04,0.5025,93.17,2.445,1
1560,877.86,0.495,91.06,2.499,1
1561,1094.45,0.4712,32.66,2.411,0
1562,816.58,0.4972,92.46,2.499,1
1563,892.32,0.4896,88.73,2.464,1
1564,937.41,0.487,84.78,2.461,1
1565,900.51,0.4886,85.27,2.505,1
1566,912.97,0.4909,88.59,2.496,1
1567,935.92,0.4867,86.54,2.384,1
1568,851.62,0.4971,92.58,2.4,1
1569,808.86,0.5015,95.0,2.442,1
1570,987.81,0.4832,86.15,2.472,1
1571,869.9,0.4959,88.47,2.522,1
1572,870.13,0.4939,83.62,2.457,1
1573,839.93,0.4983,89.35,2.539,1
1574,868.11,0.4955,86.71,2.419,1
1575,918.49,0.484,83.33,2.427,1
1576,972.25,0.4855,87.01,2.439,1
1577,864.19,0.4957,91.08,2.413,1
1578,798.04,0.5036,96.64,2.512,1
1579,1003.4,0.4777,83.48,2.316,1
1580,831.1,0.4981,97.32,2.429,1
1581,750.26,0.5048,92.79,2.512,1
1582,893.1,0.494,93.46,2.439,1
1583,792.64,0.4996,90.87,2.508,1
1584,899.08,0.4895,85.04,2.564,1
1585,887.15,0.4942,88.91,2.459,1
1586,976.83,0.482,84.43,2.513,1
1587,1026.23,0.4761,79.22,2.576,1
1588,815.11,0.5026,88.38,2.475,1
1589,964.39,0.487,88.3,2.452,1
1590,919.21,0.4912,86.02,2.5,1
1591,994.15,0.4836,80.73,2.514,1
1592,972.75,0.4834,81.83,2.453,1
1593,878.44,0.4934,89.24,2.431,1
1594,912.09,0.4888,84.96,2.541,1
1595,844.76,0.4978,90.82,2.441,1
1596,824.05,0.4984,93.46,2.515,1
1597,836.73,0.4972,93.06,2.468,1
1598,866.23,0.4965,89.13,2.546,1
1599,775.21,0.5075,85.69,2.413,1
1600,964.42,0.4857,84.69,2.413,1
1601,916.6,0.494,92.15,2.498,1
1602,769.18,0.5037,93.7,2.399,1
1603,734.25,0.5048,91.72,2.461,1
1604,1001.29,0.4826,88.36,2.533,1
1605,882.07,0.4917,94.42,2.366,1
1606,762.17,0.5055,88.95,2.476,1
1607,796.45,0.4984,96.13,2.516,1
1608,840.64,0.4957,90.06,2.454,1
1609,860.38,0.4923,92.54,2.409,1
1610,897.46,0.4908,90.99,2.442,1
1611,845.61,0.4964,85.13,2.414,1
1612,899.53,0.4918,86.4,2.459,1
1613,908.63,0.4935,86.34,2.442,1
1614,887.05,0.4945,85.04,2.43,1
1615,897.14,0.4881,90.24,2.479,1
1616,850.24,0.4982,97.83,2.535,1
1617,649.54,0.5182,83.57,2.472,1
1618,1020.07,0.4787,85.17,2.523,1
1619,854.17,0.4964,95.51,2.535,1
1620,946.5,0.4872,87.76,2.427,1
1621,819.92,0.4984,91.6,2.47,1
1622,874.19,0.4939,89.4,2.435,1
1623,847.1,0.4999,93.6,2.382,1
1624,772.58,0.5034,93.77,2.474,1
1625,845.09,0.495,91.95,2.404,1
1626,790.85,0.5029,92.57,2.481,1
1627,1049.13,0.4733,79.22,2.379,0
1628,717.78,0.5068,85.1,2.465,1
1629,847.06,0.4964,93.75,2.378,1
1630,829.78,0.5023,87.62,2.49,1
1631,984.5,0.4826,86.63,2.437,1
1632,958.15,0.4859,88.76,2.432,1
1633,828.15,0.4942,86.85,2.513,1
1634,898.42,0.4928,87.87,2.441,1
1635,866.72,0.4953,97.05,2.462,1
1636,784.73,0.5022,91.28,2.447,1
1637,1037.73,0.4775,78.25,2.482,1
1638,812.88,0.5011,94.19,2.509,1
1639,865.71,0.4927,87.36,2.499,1
1640,914.28,0.4908,83.1,2.434,1
1641,1038.51,0.4798,84.77,2.517,1
1642,844.48,0.4969,88.48,2.411,1
1643,1072.51,0.4714,79.19,2.42,0
1644,834.35,0.4981,89.15,2.451,1
1645,1035.31,0.4793,85.07,2.509,1
1646,861.57,0.4928,90.25,2.399,1
1647,916.14,0.4912,81.26,2.502,1
1648,781.43,0.5025,92.57,2.455,1
1649,914.69,0.4906,87.88,2.436,1
1650,940.59,0.486,90.8,2.512,1
1651,925.38,0.4876,88.53,2.417,1
1652,822.52,0.5033,93.45,2.572,1
1653,820.27,0.4967,89.04,2.449,1
1654,939.98,0.4885,85.41,2.465,1
1655,955.35,0.4898,88.3,2.535,1
1656,1045.22,0.4779,81.05,2.466,1
1657,836.16,0.4952,94.67,2.517,1
1658,1019.62,0.476,80.58,2.36,1
1659,818.97,0.4984,87.99,2.436,1
1660,892.31,0.4928,87.2,2.478,1
1661,702.18,0.5129,89.99,2.512,1
1662,966.49,0.4816,83.75,2.496,1
1663,890.8,0.4905,88.06,2.492,1
1664,730.23,0.5076,92.73,2.511,1
1665,796.31,0.5021,88.8,2.482,1
1666,1006.05,0.485,79.34,2.351,1
1667,863.47,0.4933,87.34,2.53,1
1668,882.06,0.4912,89.75,2.416,1
1669,855.02,0.4937,89.32,2.474,1
1670,978.94,0.4847,81.23,2.467,1
1671,912.03,0.4902,91.63,2.461,1
1672,1024.18,0.4764,81.77,2.403,1
1673,886.55,0.4922,90.6,2.362,1
1674,850.3,0.495,91.82,2.408,1
1675,933.51,0.4887,84.0,2.5,1
1676,1107.29,0.476,81.92,2.386,1
1677,834.28,0.4998,94.7,2.415,1
1678,874.93,0.494,93.61,2.48,1
1679,958.09,0.4839,87.65,2.407,1
1680,904.8,0.488,89.06,2.432,1
1681,1057.96,0.4767,76.2,2.463,1
1682,1015.77,0.481,83.84,2.473,1
1683,948.36,0.4854,83.38,2.407,1
1684,830.42,0.5017,95.49,2.466,1
1685,969.22,0.4843,89.09,2.479,1
1686,873.42,0.4962,88.14,2.396,1
1687,967.54,0.4852,85.99,2.47,1
1688,888.09,0.4924,90.29,2.423,1
1689,906.0,0.4887,90.6,2.466,1
1690,834.24,0.4982,86.58,2.496,1
1691,981.61,0.4849,79.38,2.451,1
1692,1044.96,0.4751,80.63,2.505,1
1693,1049.54,0.4769,73.94,2.499,1
1694,940.8,0.4848,86.4,2.505,1
1695,1046.57,0.478,83.95,2.48,1
1696,888.27,0.4935,93.71,2.515,1
1697,934.05,0.4852,84.28,2.479,1
1698,700.81,0.512,88.01,2.376,1
1699,1096.7,0.473,81.18,2.42,0
1700,874.22,0.4914,85.57,2.449,1
1701,999.12,0.4787,85.33,2.456,1
1702,964.45,0.4846,86.68,2.478,1
1703,956.02,0.4906,86.95,2.42,1
1704,1118.59,0.467,75.83,2.561,0
1705,912.35,0.4914,88.7,2.455,1
1706,756.08,0.5073,91.99,2.46,1
1707,952.41,0.4847,84.8,2.427,1
1708,904.43,0.4915,89.83,2.41,1
1709,821.6,0.4988,89.91,2.454,1
1710,932.82,0.4873,84.39,2.462,1
1711,942.95,0.4832,85.62,2.456,1
1712,1135.22,0.4668,72.55,2.543,0
1713,888.15,0.4949,92.94,2.454,1
1714,939.56,0.4875,89.1,2.456,1
1715,1045.83,0.4788,80.34,2.501,1
1716,930.05,0.4898,89.01,2.452,1
1717,982.23,0.4828,82.57,2.488,1
1718,965.24,0.4833,80.32,2.397,1
1719,863.67,0.4943,88.51,2.397,1
1720,1023.25,0.4752,80.4,2.467,1
1721,828.37,0.4985,93.27,2.449,1
1722,1065.83,0.4745,80.55,2.421,1
1723,1032.49,0.4816,86.96,2.467,1
1724,765.21,0.507,86.85,2.472,1
1725,809.36,0.4991,90.72,2.426,1
1726,893.72,0.4889,92.91,2.435,1
1727,1018.93,0.4786,76.74,2.472,1
1728,1003.33,0.4826,83.41,2.41,1
1729,924.48,0.4885,84.56,2.431,1
1730,945.19,0.4881,86.99,2.488,1
1731,941.98,0.4867,85.62,2.46,1
1732,956.63,0.4873,89.0,2.438,1
1733,923.69,0.4854,87.01,2.417,1
1734,1111.31,0.4731,75.32,2.411,0
1735,964.3,0.4822,82.81,2.455,1
1736,870.56,0.4965,91.11,2.563,1
1737,1065.35,0.4735,81.76,2.49,1
1738,956.93,0.4853,93.51,2.395,1
1739,1015.08,0.4789,84.83,2.497,1
1740,937.47,0.4882,84.61,2.424,1
1741,990.46,0.4831,84.77,2.462,1
1742,824.93,0.5019,92.13,2.433,1
1743,926.45,0.4921,87.83,2.563,1
1744,1078.63,0.4735,80.95,2.406,1
1745,918.29,0.4936,83.23,2.478,1
1746,1022.97,0.4788,84.35,2.428,1
1747,1026.18,0.4808,82.35,2.499,1
1748,926.15,0.4898,88.07,2.477,1
1749,983.45,0.4815,88.59,2.525,1
1750,865.42,0.4956,87.02,2.499,1
1751,1035.49,0.4785,83.3,2.428,1
1752,1009.23,0.48,85.73,2.609,1
1753,1023.36,0.4796,83.6,2.491,1
1754,1025.12,0.4804,78.73,2.435,1
1755,842.96,0.4975,95.48,2.473,1
1756,825.34,0.4926,89.0,2.495,1
1757,821.17,0.5038,89.43,2.493,1
1758,723.08,0.5095,87.77,2.488,1
1759,1037.26,0.4752,79.42,2.512,1
1760,922.56,0.4866,83.29,2.507,1
1761,1063.87,0.4735,80.04,2.421,1
1762,1020.16,0.4776,80.19,2.569,1
1763,1002.39,0.4791,84.84,2.562,1
1764,1046.77,0.4746,81.71,2.504,1
1765,1073.67,0.4745,85.02,2.465,1
1766,1016.91,0.484,84.87,2.466,1
1767,1098.06,0.4726,76.57,2.447,0
1768,899.49,0.4942,85.87,2.454,1
1769,1043.33,0.4756,87.38,2.354,1
1770,680.58,0.5149,88.07,2.54,1
1771,1015.63,0.4804,81.49,2.523,1
1772,939.72,0.4859,91.57,2.38,1
1773,1083.34,0.4713,82.22,2.509,0
1774,809.2,0.5031,87.17,2.464,1
1775,874.07,0.4968,88.95,2.454,1
1776,935.33,0.488,87.15,2.489,1
1777,1074.89,0.4704,74.38,2.377,0
1778,937.24,0.487,86.75,2.464,1
1779,1048.18,0.4726,81.12,2.468,0
1780,818.98,0.5003,87.85,2.468,1
1781,890.01,0.4932,90.76,2.396,1
1782,951.9,0.4855,89.8,2.487,1
1783,1223.04,0.4581,70.58,2.518,0
1784,1078.88,0.4737,79.42,2.485,1
1785,904.48,0.4917,87.24,2.453,1
1786,818.89,0.4973,93.86,2.599,1
1787,850.87,0.4962,87.46,2.419,1
1788,1144.64,0.4668,75.98,2.504,0
1789,975.53,0.4873,87.27,2.477,1
1790,861.49,0.495,93.95,2.566,1
1791,1157.26,0.4658,72.84,2.484,0
1792,993.99,0.4837,83.88,2.495,1
1793,941.67,0.4867,83.2,2.491,1
1794,1031.7,0.4804,84.86,2.412,1
1795,1195.39,0.4633,71.64,2.422,0
1796,1040.76,0.48,80.73,2.452,1
1797,1021.33,0.4799,80.97,2.513,1
1798,1045.07,0.4818,85.94,2.477,1
1799,1023.87,0.4771,78.37,2.455,1
1800,1072.2,0.4784,79.37,2.534,1
1801,1000.62,0.4828,87.55,2.367,1
1802,963.01,0.4881,87.07,2.401,1
1803,1005.92,0.4797,86.03,2.341,1
1804,1043.36,0.4784,81.38,2.526,1
1805,1003.7,0.484,85.5,2.461,1
1806,1162.61,0.4614,72.12,2.514,0
1807,929.09,0.4881,91.77,2.461,1
1808,936.97,0.4827,88.76,2.517,1
1809,976.51,0.4831,88.51,2.46,1
1810,864.79,0.4934,88.06,2.487,1
1811,1189.95,0.4606,68.1,2.48,0
1812,1262.28,0.4602,73.11,2.483,0
1813,995.67,0.4855,90.42,2.551,1
1814,956.99,0.4822,88.07,2.385,1
1815,982.46,0.4842,85.66,2.463,1
1816,1056.56,0.4769,83.77,2.477,1
1817,910.72,0.4897,90.57,2.469,1
1818,893.62,0.4927,90.1,2.447,1
1819,944.83,0.4875,87.88,2.44,1
1820,990.45,0.4789,83.03,2.543,1
1821,1198.61,0.4578,66.75,2.463,0
1822,913.25,0.4906,86.69,2.589,1
1823,862.9,0.4957,88.73,2.494,1
1824,908.53,0.489,83.24,2.453,1
1825,1073.71,0.4715,78.68,2.495,0
1826,920.05,0.4893,88.02,2.473,1
1827,921.6,0.4914,91.38,2.535,1
1828,824.3,0.4994,95.69,2.409,1
1829,1129.73,0.4712,82.03,2.377,0
1830,1008.02,0.4786,86.8,2.486,1
1831,920.91,0.4898,86.13,2.509,1
1832,1132.51,0.464,33.22,2.482,0
1833,1136.9,0.468,78.84,2.501,0
1834,937.94,0.4858,90.59,2.494,1
1835,979.93,0.4876,92.03,2.394,1
1836,955.43,0.4818,85.81,2.482,1
1837,1016.37,0.4833,79.16,2.534,1
1838,1034.55,0.4776,83.08,2.477,1
1839,851.55,0.498,93.22,2.403,1
1840,1135.13,0.4699,81.04,2.452,0
1841,1090.38,0.4735,83.82,2.496,1
1842,989.13,0.4805,86.35,2.558,1
1843,921.59,0.4907,87.04,2.371,1
1844,1217.29,0.4625,69.31,2.487,0
1845,1136.55,0.4646,75.43,2.422,0
1846,1285.65,0.4559,65.41,2.494,0
1847,1014.6,0.4804,88.0,2.498,1
1848,1127.53,0.4666,70.04,2.457,0
1849,1035.11,0.4753,82.3,2.5,1
1850,931.86,0.4877,88.36,2.526,1
1851,1042.46,0.4721,78.0,2.461,0
1852,977.75,0.4824,81.91,2.402,1
1853,1042.26,0.476,74.84,2.54,1
1854,914.18,0.4876,85.75,2.511,1
1855,977.38,0.4852,84.59,2.497,1
1856,1090.43,0.471,81.32,2.435,0
1857,1022.02,0.4773,79.42,2.519,1
1858,890.23,0.4919,90.66,2.572,1
1859,980.57,0.4839,81.6,2.463,1
1860,1181.37,0.4621,73.58,2.474,0
1861,928.3,0.487,80.33,2.416,1
1862,1148.28,0.4657,80.85,2.434,0
1863,856.11,0.4961,90.54,2.416,1
1864,877.65,0.4913,80.68,2.476,1
1865,982.17,0.4823,82.44,2.453,1
1866,1017.34,0.4806,81.03,2.489,1
1867,1060.52,0.476,79.06,2.425,1
1868,940.04,0.4868,85.88,2.462,1
1869,1083.2,0.4739,77.75,2.423,1
1870,976.55,0.4813,81.59,2.48,1
1871,903.29,0.489,84.56,2.389,1
1872,1087.51,0.4713,80.59,2.478,0
1873,1133.18,0.4705,81.25,2.457,0
1874,1172.73,0.4632,72.14,2.48,0
1875,1148.68,0.4648,73.87,2.388,0
1876,1279.84,0.4552,63.9,2.503,0
1877,623.72,0.5232,46.74,2.456,0
1878,866.15,0.5003,92.65,2.482,1
1879,851.63,0.4955,90.09,2.377,1
1880,1203.72,0.4573,69.95,2.409,0
1881,943.5,0.4866,87.79,2.452,1
1882,859.14,0.4953,87.52,2.54,1
1883,1071.62,0.4716,81.95,2.498,0
1884,1080.68,0.4786,81.91,2.478,1
1885,1283.74,0.4519,69.95,2.425,0
1886,1015.22,0.4805,84.9,2.416,1
1887,1155.3,0.4636,79.08,2.485,0
1888,1001.7,0.4795,86.6,2.507,1
1889,1249.8,0.4571,69.35,2.482,0
1890,937.49,0.4838,83.22,2.557,1
1891,891.63,0.4898,86.29,2.438,1
1892,1130.65,0.4667,76.82,2.481,0
1893,1209.55,0.4621,72.57,2.387,0
1894,1296.24,0.449,61.0,2.483,0
1895,1085.01,0.4731,81.75,2.546,0
1896,1115.61,0.4689,76.78,2.42,0
1897,1262.57,0.4564,70.68,2.514,0
1898,955.44,0.4821,81.56,2.544,1
1899,1117.59,0.4704,80.57,2.438,0
1900,1174.49,0.4622,73.71,2.496,0
1901,1136.2,0.4689,80.19,2.551,0
1902,898.87,0.4898,91.32,2.484,1
1903,975.6,0.4837,85.1,2.512,1
1904,1063.77,0.4741,79.39,2.384,1
1905,952.25,0.4838,90.74,2.503,1
1906,1166.8,0.4605,70.17,2.499,0
1907,1035.41,0.476,83.26,2.407,1
1908,1037.51,0.4774,80.71,2.425,1
1909,1095.35,0.4693,71.28,2.503,0
1910,992.97,0.481,80.23,2.458,1
1911,1110.85,0.465,75.31,2.529,0
1912,984.11,0.4819,86.48,2.489,1
1913,1010.18,0.4824,85.87,2.476,1
1914,1437.86,0.4366,56.63,2.465,0
1915,907.01,0.4906,89.95,2.488,1
1916,1446.66,0.4346,49.27,2.514,0
1917,1118.77,0.4666,76.94,2.5,0
1918,966.97,0.4883,88.19,2.453,1
1919,1146.54,0.4704,75.87,2.536,0
1920,1250.53,0.4551,68.61,2.507,0
1921,1257.83,0.4599,70.86,2.493,0
1922,918.27,0.4881,85.77,2.479,1
1923,1280.2,0.4487,61.97,2.499,0
1924,905.76,0.4893,92.41,2.383,1
1925,1067.7,0.4734,83.61,2.486,0
1926,1269.04,0.4581,69.91,2.556,0
1927,1135.23,0.4662,75.02,2.485,0
1928,1178.84,0.4602,66.54,2.479,0
1929,937.9,0.4855,91.46,2.445,1
1930,1000.48,0.4836,88.44,2.499,1
1931,1312.63,0.4505,66.1,2.465,0
1932,1111.98,0.4681,69.31,2.54,0
1933,1141.39,0.4618,72.06,2.432,0
1934,880.68,0.491,88.55,2.452,1
1935,1285.25,0.455,69.21,2.445,0
1936,881.5,0.4951,89.26,2.567,1
1937,1080.31,0.4728,78.36,2.466,0
1938,1267.14,0.4573,70.62,2.448,0
1939,1207.14,0.4638,70.94,2.371,0
1940,1180.33,0.462,70.32,2.43,0
1941,1243.28,0.4554,68.02,2.502,0
1942,1053.18,0.4741,83.9,2.502,1
1943,1233.33,0.4558,70.17,2.443,0
1944,1332.54,0.4426,61.13,2.446,0
1945,1097.63,0.4673,75.8,2.569,0
1946,1280.17,0.4476,66.18,2.611,0
1947,1204.92,0.462,66.83,2.533,0
1948,1168.29,0.4597,76.55,2.554,0
1949,1241.49,0.4601,77.24,2.565,0
1950,804.21,0.5,93.37,2.587,1
1951,1116.02,0.4729,81.62,2.461,0
1952,1045.5,0.4754,80.56,2.432,1
1953,1287.96,0.4471,60.72,2.568,0
1954,1202.69,0.4627,70.69,2.428,0
1955,1090.55,0.4748,80.14,2.425,1
1956,1205.68,0.4573,70.46,2.426,0
1957,961.44,0.4843,86.96,2.47,1
1958,1231.45,0.4546,72.82,2.377,0
1959,1127.12,0.4674,75.95,2.405,0
1960,1173.14,0.4631,68.32,2.446,0
1961,1063.22,0.4736,84.5,2.417,1
1962,1139.86,0.4621,68.47,2.53,0
1963,1118.25,0.4673,73.89,2.477,0
1964,1142.66,0.4677,76.65,2.506,0
1965,1190.68,0.4605,72.27,2.501,0
1966,1024.12,0.4778,77.72,2.467,1
1967,1044.94,0.4742,77.68,2.527,1
1968,1097.07,0.4694,72.52,2.5,0
1969,1188.72,0.4645,75.58,2.462,0
1970,966.63,0.4819,87.96,2.393,1
1971,1148.82,0.4671,71.77,2.504,0
1972,1144.49,0.466,77.69,2.415,0
1973,1093.49,0.4718,81.24,2.497,0
1974,854.97,0.4946,88.45,2.482,1
1975,1279.9,0.4508,58.13,2.41,0
1976,999.01,0.4811,80.77,2.491,1
1977,1354.28,0.4426,56.08,2.488,0
1978,1083.75,0.473,83.84,2.488,0
1979,900.13,0.4926,89.28,2.486,1
1980,1088.3,0.4768,78.47,2.446,1
1981,1091.28,0.4721,79.09,2.508,0
1982,1145.06,0.4614,67.73,2.444,0
1983,1131.62,0.4699,78.81,2.425,0
1984,1141.64,0.4657,71.59,2.512,0
1985,1265.48,0.4578,66.62,2.526,0
1986,1185.45,0.4649,75.16,2.509,0
1987,1074.75,0.472,83.85,2.469,0
1988,1237.36,0.4577,75.69,2.382,0
1989,1214.83,0.4571,65.5,2.553,0
1990,1306.51,0.4488,60.82,2.381,0
1991,1076.8,0.4745,81.69,2.509,1
1992,1065.42,0.4767,84.97,2.585,1
1993,1105.45,0.472,72.11,2.487,0
1994,984.82,0.4828,85.16,2.494,1
1995,1162.19,0.4697,75.7,2.499,0
1996,1057.34,0.4742,74.15,2.49,1
1997,814.12,0.501,62.38,2.597,0
1998,1104.23,0.4668,73.57,2.438,0
1999,1230.95,0.4602,70.96,2.431,0
2000,807.64,0.5011,94.82,2.464,1
